item,exp,pronoun,cond,contrast,sent,target,/data/EleutherAI/gpt-j-6B_surp
1,1,he,m,Match,"When he was off work,",Richard,14.473193168640137
1,1,she,m,Mismatch,"When she was off work,",Keith,16.787805557250977
1,1,she,f,Match,"When she was off work, the",dancer,15.874188423156738
1,1,he,f,Mismatch,"When he was off work,",Laura,16.180757522583008
2,1,he,m,Match,"When he arrived,",Larry,15.285741806030273
2,1,she,m,Mismatch,"When she arrived,",Wayne,15.477826118469238
2,1,she,f,Match,"When she arrived,",Cheryl,15.968116760253906
2,1,he,f,Mismatch,"When he arrived,",Teresa,17.987977981567383
3,1,he,m,Match,"When he was fed up,",Guy,16.899826049804688
3,1,she,m,Mismatch,"When she was fed up,",Joseph,15.744180679321289
3,1,she,f,Match,"When she was fed up,",Cynthia,15.851255416870117
3,1,he,f,Mismatch,"When he was fed up, the",wife,9.664567947387695
4,1,he,m,Match,"When he was talking,",Joseph,13.542501449584961
4,1,she,m,Mismatch,"When she was talking,",Bradley,16.698848724365234
4,1,she,f,Match,"When she was talking,",Dana,16.00286102294922
4,1,he,f,Mismatch,"When he was talking,",Janet,15.712179183959961
5,1,he,m,Match,"When he was nearby,",Larry,14.39516544342041
5,1,she,m,Mismatch,"When she was nearby,",Joseph,13.714544296264648
5,1,she,f,Match,"When she was nearby, the",girl,6.663232326507568
5,1,he,f,Mismatch,"When he was nearby,",Helen,13.955594062805176
6,1,he,m,Match,"When he was lost,",Donald,17.841087341308594
6,1,she,m,Mismatch,"When she was lost,",Brad,17.45880889892578
6,1,she,f,Match,"When she was lost,",Judy,18.095623016357422
6,1,he,f,Mismatch,"When he was lost, the",dancer,17.377904891967773
7,1,he,m,Match,"When he was bad-tempered,",Guy,18.356122970581055
7,1,she,m,Mismatch,"When she was bad-tempered,",Bruce,18.545034408569336
7,1,she,f,Match,"When she was bad-tempered, the",woman,8.050293922424316
7,1,he,f,Mismatch,"When he was bad-tempered,",Ann,17.000778198242188
8,1,he,m,Match,"When he was jealous, the",father,7.571012020111084
8,1,she,m,Mismatch,"When she was jealous,",Steve,15.813956260681152
8,1,she,f,Match,"When she was jealous,",Catherine,13.694997787475586
8,1,he,f,Mismatch,"When he was jealous, the",dancer,14.130765914916992
9,1,he,m,Match,"When he was in residence,",Dan,15.33049488067627
9,1,she,m,Mismatch,"When she was in residence,",Russell,16.50113868713379
9,1,she,f,Match,"When she was in residence, the",woman,8.743021965026855
9,1,he,f,Mismatch,"When he was in residence, the",wife,9.70924186706543
10,1,he,m,Match,"When he was introduced,",Wayne,16.011804580688477
10,1,she,m,Mismatch,"When she was introduced,",Steve,15.424995422363281
10,1,she,f,Match,"When she was introduced,",Sally,14.75436782836914
10,1,he,f,Mismatch,"When he was introduced,",Teresa,18.7337646484375
11,1,he,m,Match,"When he arrived,",Joseph,13.537374496459961
11,1,she,m,Mismatch,"When she arrived,",Richard,13.300018310546875
11,1,she,f,Match,"When she arrived,",Cheryl,15.971258163452148
11,1,he,f,Mismatch,"When he arrived,",Janet,16.594648361206055
12,1,he,m,Match,"When he felt sad,",Guy,18.170330047607422
12,1,she,m,Mismatch,"When she felt sad,",Rodney,18.876218795776367
12,1,she,f,Match,"When she felt sad,",Amanda,15.71468734741211
12,1,he,f,Mismatch,"When he felt sad,",Sally,15.380743980407715
13,1,he,m,Match,"When he was present,",Wayne,16.95174789428711
13,1,she,m,Mismatch,"When she was present,",Larry,14.726020812988281
13,1,she,f,Match,"When she was present,",Carrie,17.363447189331055
13,1,he,f,Mismatch,"When he was present,",Lori,18.092941284179688
14,1,he,m,Match,"When he was depressed,",Richard,14.413996696472168
14,1,she,m,Mismatch,"When she was depressed,",Steve,14.375531196594238
14,1,she,f,Match,"When she was depressed,",Cynthia,15.361748695373535
14,1,he,f,Mismatch,"When he was depressed,",Amelia,17.44590950012207
15,1,he,m,Match,"When he was around,",Brad,14.374253273010254
15,1,she,m,Mismatch,"When she was around,",Wayne,15.641845703125
15,1,she,f,Match,"When she was around,",Marie,13.979364395141602
15,1,he,f,Mismatch,"When he was around,",Dana,16.017009735107422
16,1,he,m,Match,"When he was near,",Joseph,14.675414085388184
16,1,she,m,Mismatch,"When she was near,",Richard,14.058354377746582
16,1,she,f,Match,"When she was near,",Dana,16.633790969848633
16,1,he,f,Mismatch,"When he was near,",Janet,17.48190689086914
17,1,he,m,Match,"When he was in court,",Bradley,17.185279846191406
17,1,she,m,Mismatch,"When she was in court,",Steve,15.340689659118652
17,1,she,f,Match,"When she was in court, the",dancer,16.730106353759766
17,1,he,f,Mismatch,"When he was in court,",Helen,16.027177810668945
18,1,he,m,Match,"When he was poorly,",Keith,16.29405403137207
18,1,she,m,Mismatch,"When she was poorly,",Steve,15.729564666748047
18,1,she,f,Match,"When she was poorly,",Dana,18.068307876586914
18,1,he,f,Mismatch,"When he was poorly,",Tracy,18.103057861328125
19,1,he,m,Match,"When he arrived,",Charles,13.728982925415039
19,1,she,m,Mismatch,"When she arrived,",Timothy,16.083969116210938
19,1,she,f,Match,"When she arrived,",Janet,15.001947402954102
19,1,he,f,Mismatch,"When he arrived,",Lori,17.315996170043945
20,1,he,m,Match,"When he was appointed,",Benjamin,14.093653678894043
20,1,she,m,Mismatch,"When she was appointed,",Larry,16.550151824951172
20,1,she,f,Match,"When she was appointed,",Teresa,16.20920181274414
20,1,he,f,Mismatch,"When he was appointed,",Tracy,18.84722137451172
21,1,he,m,Match,"When he was fired,",Timothy,15.979729652404785
21,1,she,m,Mismatch,"When she was fired,",Liam,20.817964553833008
21,1,she,f,Match,"When she was fired,",Teresa,14.727368354797363
21,1,he,f,Mismatch,"When he was fired,",Heidi,19.35259246826172
22,1,he,m,Match,"When he was close, the",father,9.812346458435059
22,1,she,m,Mismatch,"When she was close, the",father,9.856969833374023
22,1,she,f,Match,"When she was close,",Carrie,14.844381332397461
22,1,he,f,Mismatch,"When he was close,",Elizabeth,14.209324836730957
23,1,he,m,Match,"When he was retired,",Steve,16.21986961364746
23,1,she,m,Mismatch,"When she was retired,",Donald,16.339433670043945
23,1,she,f,Match,"When she was retired,",Christina,16.288713455200195
23,1,he,f,Mismatch,"When he was retired, the",dancer,16.877105712890625
24,1,he,m,Match,"When he was abroad, the",guy,15.996445655822754
24,1,she,m,Mismatch,"When she was abroad,",Larry,18.865976333618164
24,1,she,f,Match,"When she was abroad,",Lori,19.261871337890625
24,1,he,f,Mismatch,"When he was abroad,",Catherine,15.68598747253418
25,1,he,m,Match,"When he was discovered,",Thomas,13.657376289367676
25,1,she,m,Mismatch,"When she was discovered,",Donald,17.106229782104492
25,1,she,f,Match,"When she was discovered,",Suzanne,17.56552505493164
25,1,he,f,Mismatch,"When he was discovered,",Dana,18.323593139648438
26,1,he,m,Match,"When he was busy, the",nephew,13.534231185913086
26,1,she,m,Mismatch,"When she was busy,",Bruce,16.846416473388672
26,1,she,f,Match,"When she was busy,",Lori,16.90277099609375
26,1,he,f,Mismatch,"When he was busy,",Christina,17.704015731811523
27,1,he,m,Match,"When he was twenty-one,",Brian,14.498370170593262
27,1,she,m,Mismatch,"When she was twenty-one,",Brad,14.981134414672852
27,1,she,f,Match,"When she was twenty-one,",Naomi,14.72189998626709
27,1,he,f,Mismatch,"When he was twenty-one, the",woman,10.389978408813477
28,1,he,m,Match,"When he was annoyed,",Larry,15.165063858032227
28,1,she,m,Mismatch,"When she was annoyed,",Richard,15.141371726989746
28,1,she,f,Match,"When she was annoyed,",Ann,12.351785659790039
28,1,he,f,Mismatch,"When he was annoyed, the",woman,8.695671081542969
29,1,he,m,Match,"When he was in church,",Liam,19.708385467529297
29,1,she,m,Mismatch,"When she was in church,",Richard,15.179327964782715
29,1,she,f,Match,"When she was in church, the",dancer,15.440767288208008
29,1,he,f,Mismatch,"When he was in church,",Teresa,19.075796127319336
30,1,he,m,Match,"When he was banished,",Timothy,16.676576614379883
30,1,she,m,Mismatch,"When she was banished,",Russell,18.1321964263916
30,1,she,f,Match,"When she was banished,",Sheila,18.884538650512695
30,1,he,f,Mismatch,"When he was banished,",Cheryl,23.277189254760742
31,1,he,m,Match,"When he was angry,",Steve,15.229987144470215
31,1,she,m,Mismatch,"When she was angry,",Wayne,19.146562576293945
31,1,she,f,Match,"When she was angry, the",dancer,15.029980659484863
31,1,he,f,Mismatch,"When he was angry,",Janet,18.464778900146484
32,1,he,m,Match,"When he was distraught,",Brian,15.133756637573242
32,1,she,m,Mismatch,"When she was distraught,",Russell,16.096223831176758
32,1,she,f,Match,"When she was distraught, the",wife,10.25108528137207
32,1,he,f,Mismatch,"When he was distraught,",Helen,14.384231567382812
1,1,he,m,Match,"When he was off work,",Russell,14.615745544433594
1,1,she,m,Mismatch,"When she was off work,",Dan,14.438139915466309
1,1,she,f,Match,"When she was off work,",Judy,15.610329627990723
1,1,he,f,Mismatch,"When he was off work,",Grace,15.787935256958008
2,1,he,m,Match,"When he arrived,",Benjamin,15.14913558959961
2,1,she,m,Mismatch,"When she arrived,",Steve,14.968133926391602
2,1,she,f,Match,"When she arrived,",Claire,15.554228782653809
2,1,he,f,Mismatch,"When he arrived,",Mary,12.21302604675293
3,1,he,m,Match,"When he was fed up,",Benjamin,16.745250701904297
3,1,she,m,Mismatch,"When she was fed up,",Marcus,16.46653175354004
3,1,she,f,Match,"When she was fed up,",Kristen,17.957128524780273
3,1,he,f,Mismatch,"When he was fed up,",Marie,15.409631729125977
4,1,he,m,Match,"When he was talking,",Richard,13.496869087219238
4,1,she,m,Mismatch,"When she was talking,",Alexander,16.32769012451172
4,1,she,f,Match,"When she was talking,",Marie,13.639543533325195
4,1,he,f,Mismatch,"When he was talking, the",wife,10.73305606842041
5,1,he,m,Match,"When he was nearby,",Keith,15.360383987426758
5,1,she,m,Mismatch,"When she was nearby,",Larry,14.428950309753418
5,1,she,f,Match,"When she was nearby, the",sister,11.043684005737305
5,1,he,f,Mismatch,"When he was nearby, the",girl,7.330061912536621
6,1,he,m,Match,"When he was lost, the",guy,13.419503211975098
6,1,she,m,Mismatch,"When she was lost,",Mark,15.297281265258789
6,1,she,f,Match,"When she was lost, the",girl,7.039071083068848
6,1,he,f,Mismatch,"When he was lost,",Suzanne,20.164907455444336
7,1,he,m,Match,"When he was bad-tempered,",Alexander,15.09976577758789
7,1,she,m,Mismatch,"When she was bad-tempered,",Dennis,16.129838943481445
7,1,she,f,Match,"When she was bad-tempered,",Carrie,16.59195327758789
7,1,he,f,Mismatch,"When he was bad-tempered,",Grace,16.260684967041016
8,1,he,m,Match,"When he was jealous,",Benjamin,16.56263542175293
8,1,she,m,Mismatch,"When she was jealous,",Brian,17.777673721313477
8,1,she,f,Match,"When she was jealous, the",girlfriend,13.818224906921387
8,1,he,f,Mismatch,"When he was jealous,",Catherine,15.925821304321289
9,1,he,m,Match,"When he was in residence,",Mark,14.670795440673828
9,1,she,m,Mismatch,"When she was in residence,",Brad,17.511165618896484
9,1,she,f,Match,"When she was in residence,",Sheila,17.561885833740234
9,1,he,f,Mismatch,"When he was in residence,",Catherine,15.98387336730957
10,1,he,m,Match,"When he was introduced,",Charles,12.846831321716309
10,1,she,m,Mismatch,"When she was introduced,",Richard,13.967795372009277
10,1,she,f,Match,"When she was introduced,",Karen,15.027274131774902
10,1,he,f,Mismatch,"When he was introduced,",Claire,18.054058074951172
11,1,he,m,Match,"When he arrived,",Liam,18.820682525634766
11,1,she,m,Mismatch,"When she arrived,",Larry,14.274964332580566
11,1,she,f,Match,"When she arrived, the",mother,8.00954532623291
11,1,he,f,Mismatch,"When he arrived,",Carrie,17.451248168945312
12,1,he,m,Match,"When he felt sad,",Charles,14.462153434753418
12,1,she,m,Mismatch,"When she felt sad,",Dan,15.523079872131348
12,1,she,f,Match,"When she felt sad,",Theresa,16.030277252197266
12,1,he,f,Mismatch,"When he felt sad,",Kristen,19.49186134338379
13,1,he,m,Match,"When he was present,",Steven,17.830890655517578
13,1,she,m,Mismatch,"When she was present,",Bruce,15.903846740722656
13,1,she,f,Match,"When she was present,",Claire,17.177474975585938
13,1,he,f,Mismatch,"When he was present,",Laura,16.075422286987305
14,1,he,m,Match,"When he was depressed,",Larry,14.97191333770752
14,1,she,m,Mismatch,"When she was depressed,",Brian,15.136327743530273
14,1,she,f,Match,"When she was depressed,",Alice,13.16952896118164
14,1,he,f,Mismatch,"When he was depressed,",Naomi,17.79813003540039
15,1,he,m,Match,"When he was around,",Guy,16.059276580810547
15,1,she,m,Mismatch,"When she was around,",Liam,15.97434139251709
15,1,she,f,Match,"When she was around,",Teresa,15.57421875
15,1,he,f,Mismatch,"When he was around,",Christina,17.603410720825195
16,1,he,m,Match,"When he was near, the",father,9.065947532653809
16,1,she,m,Mismatch,"When she was near,",Russell,17.09308624267578
16,1,she,f,Match,"When she was near,",Kristen,20.47017478942871
16,1,he,f,Mismatch,"When he was near,",Dana,17.326929092407227
17,1,he,m,Match,"When he was in court, the",nephew,14.854920387268066
17,1,she,m,Mismatch,"When she was in court,",Russell,15.48157787322998
17,1,she,f,Match,"When she was in court, the",girl,8.011945724487305
17,1,he,f,Mismatch,"When he was in court,",Naomi,19.353548049926758
18,1,he,m,Match,"When he was poorly,",Alexander,14.95561695098877
18,1,she,m,Mismatch,"When she was poorly,",Larry,16.820039749145508
18,1,she,f,Match,"When she was poorly,",Sheila,16.479089736938477
18,1,he,f,Mismatch,"When he was poorly,",Cynthia,16.558923721313477
19,1,he,m,Match,"When he arrived,",Bradley,16.112810134887695
19,1,she,m,Mismatch,"When she arrived,",Keith,15.221733093261719
19,1,she,f,Match,"When she arrived,",Judy,14.928685188293457
19,1,he,f,Mismatch,"When he arrived,",Amanda,16.831340789794922
20,1,he,m,Match,"When he was appointed,",Steven,18.31466293334961
20,1,she,m,Mismatch,"When she was appointed,",Russell,16.189477920532227
20,1,she,f,Match,"When she was appointed, the",girlfriend,16.114490509033203
20,1,he,f,Mismatch,"When he was appointed,",Lori,19.974327087402344
21,1,he,m,Match,"When he was fired,",Donald,13.190143585205078
21,1,she,m,Mismatch,"When she was fired,",Russell,13.769328117370605
21,1,she,f,Match,"When she was fired,",Lori,14.733003616333008
21,1,he,f,Mismatch,"When he was fired,",Linda,16.289682388305664
22,1,he,m,Match,"When he was close,",Jason,12.88497543334961
22,1,she,m,Mismatch,"When she was close,",Charles,14.18502426147461
22,1,she,f,Match,"When she was close,",Cynthia,14.52315616607666
22,1,he,f,Mismatch,"When he was close,",Tiffany,17.669538497924805
23,1,he,m,Match,"When he was retired,",Thomas,12.669486999511719
23,1,she,m,Mismatch,"When she was retired,",Charles,14.248652458190918
23,1,she,f,Match,"When she was retired,",Lori,18.089263916015625
23,1,he,f,Mismatch,"When he was retired,",Teresa,20.095703125
24,1,he,m,Match,"When he was abroad,",Charles,12.947120666503906
24,1,she,m,Mismatch,"When she was abroad,",John,12.861322402954102
24,1,she,f,Match,"When she was abroad,",Karen,17.33029556274414
24,1,he,f,Mismatch,"When he was abroad,",Linda,18.562923431396484
25,1,he,m,Match,"When he was discovered,",Donald,17.123226165771484
25,1,she,m,Mismatch,"When she was discovered,",Douglas,17.427453994750977
25,1,she,f,Match,"When she was discovered,",Naomi,16.804729461669922
25,1,he,f,Mismatch,"When he was discovered,",Sheila,20.587665557861328
26,1,he,m,Match,"When he was busy,",Douglas,16.926313400268555
26,1,she,m,Mismatch,"When she was busy, the",nephew,14.037723541259766
26,1,she,f,Match,"When she was busy,",Elizabeth,13.267855644226074
26,1,he,f,Mismatch,"When he was busy,",Catherine,15.582240104675293
27,1,he,m,Match,"When he was twenty-one, the",father,6.433838367462158
27,1,she,m,Mismatch,"When she was twenty-one,",Edward,14.04000186920166
27,1,she,f,Match,"When she was twenty-one,",Connie,14.293600082397461
27,1,he,f,Mismatch,"When he was twenty-one,",Dana,16.45389747619629
28,1,he,m,Match,"When he was annoyed, the",guy,13.671841621398926
28,1,she,m,Mismatch,"When she was annoyed,",Bruce,17.840789794921875
28,1,she,f,Match,"When she was annoyed,",Leslie,15.59221363067627
28,1,he,f,Mismatch,"When he was annoyed,",Sheila,18.357589721679688
29,1,he,m,Match,"When he was in church,",Keith,19.075796127319336
29,1,she,m,Mismatch,"When she was in church,",Steve,18.563461303710938
29,1,she,f,Match,"When she was in church,",Ann,14.277643203735352
29,1,he,f,Mismatch,"When he was in church,",Sheila,20.155000686645508
30,1,he,m,Match,"When he was banished, the",guy,16.114879608154297
30,1,she,m,Mismatch,"When she was banished,",Keith,19.619976043701172
30,1,she,f,Match,"When she was banished,",Cynthia,15.76809310913086
30,1,he,f,Mismatch,"When he was banished,",Elizabeth,14.199762344360352
31,1,he,m,Match,"When he was angry,",Russell,15.483585357666016
31,1,she,m,Mismatch,"When she was angry,",Jason,16.66129493713379
31,1,she,f,Match,"When she was angry,",Sheila,15.660988807678223
31,1,he,f,Mismatch,"When he was angry,",Teresa,18.5183162689209
32,1,he,m,Match,"When he was distraught,",Thomas,14.412408828735352
32,1,she,m,Mismatch,"When she was distraught,",Bruce,16.55833625793457
32,1,she,f,Match,"When she was distraught,",Teresa,16.118764877319336
32,1,he,f,Mismatch,"When he was distraught,",Laura,15.342270851135254
1,1,he,m,Match,"When he was off work,",Timothy,16.030263900756836
1,1,she,m,Mismatch,"When she was off work,",Ronald,18.08714485168457
1,1,she,f,Match,"When she was off work,",Amanda,15.294740676879883
1,1,he,f,Mismatch,"When he was off work, the",lady,13.31495189666748
2,1,he,m,Match,"When he arrived,",Alexander,14.377068519592285
2,1,she,m,Mismatch,"When she arrived,",Charles,13.936832427978516
2,1,she,f,Match,"When she arrived,",Julie,14.032636642456055
2,1,he,f,Mismatch,"When he arrived,",Diana,16.039548873901367
3,1,he,m,Match,"When he was fed up,",Phillip,17.999156951904297
3,1,she,m,Mismatch,"When she was fed up,",Bradley,18.920804977416992
3,1,she,f,Match,"When she was fed up,",Allison,16.39327049255371
3,1,he,f,Mismatch,"When he was fed up,",Lori,18.413368225097656
4,1,he,m,Match,"When he was talking, the",guy,9.042397499084473
4,1,she,m,Mismatch,"When she was talking,",Jason,14.721564292907715
4,1,she,f,Match,"When she was talking,",Amanda,14.81173324584961
4,1,he,f,Mismatch,"When he was talking,",Helen,14.17313289642334
5,1,he,m,Match,"When he was nearby,",Robert,13.495024681091309
5,1,she,m,Mismatch,"When she was nearby,",Charles,13.859762191772461
5,1,she,f,Match,"When she was nearby,",Rachel,13.55544376373291
5,1,he,f,Mismatch,"When he was nearby,",Carol,15.495636940002441
6,1,he,m,Match,"When he was lost,",Samuel,14.39130973815918
6,1,she,m,Mismatch,"When she was lost,",Roger,16.57654571533203
6,1,she,f,Match,"When she was lost,",Connie,17.751554489135742
6,1,he,f,Mismatch,"When he was lost, the",girlfriend,17.947649002075195
7,1,he,m,Match,"When he was bad-tempered,",Christopher,17.010210037231445
7,1,she,m,Mismatch,"When she was bad-tempered,",Travis,18.930696487426758
7,1,she,f,Match,"When she was bad-tempered,",Diane,17.468276977539062
7,1,he,f,Mismatch,"When he was bad-tempered,",Tiffany,21.83422088623047
8,1,he,m,Match,"When he was jealous,",Bradley,19.23105812072754
8,1,she,m,Mismatch,"When she was jealous,",Brad,16.80836296081543
8,1,she,f,Match,"When she was jealous,",Maria,13.55384635925293
8,1,he,f,Mismatch,"When he was jealous,",Alice,15.790569305419922
9,1,he,m,Match,"When he was in residence,",Adam,15.61756420135498
9,1,she,m,Mismatch,"When she was in residence,",Rodney,18.728439331054688
9,1,she,f,Match,"When she was in residence,",Anne,13.473310470581055
9,1,he,f,Mismatch,"When he was in residence,",Natalie,20.003414154052734
10,1,he,m,Match,"When he was introduced, the",nephew,13.513493537902832
10,1,she,m,Mismatch,"When she was introduced,",Liam,19.09189796447754
10,1,she,f,Match,"When she was introduced,",Catherine,14.232665061950684
10,1,he,f,Mismatch,"When he was introduced,",Cynthia,17.828638076782227
11,1,he,m,Match,"When he arrived,",Larry,15.290023803710938
11,1,she,m,Mismatch,"When she arrived,",Samuel,15.379528045654297
11,1,she,f,Match,"When she arrived,",Mary,11.581182479858398
11,1,he,f,Mismatch,"When he arrived, the",sister,11.981250762939453
12,1,he,m,Match,"When he felt sad,",Phillip,18.28304100036621
12,1,she,m,Mismatch,"When she felt sad,",Frank,15.883753776550293
12,1,she,f,Match,"When she felt sad,",Kristen,18.160507202148438
12,1,he,f,Mismatch,"When he felt sad, the",girlfriend,17.501081466674805
13,1,he,m,Match,"When he was present,",Dan,14.866602897644043
13,1,she,m,Mismatch,"When she was present,",Travis,17.704397201538086
13,1,she,f,Match,"When she was present, the",sister,11.316396713256836
13,1,he,f,Mismatch,"When he was present, the",mother,8.84179973602295
14,1,he,m,Match,"When he was depressed,",Russell,14.363276481628418
14,1,she,m,Mismatch,"When she was depressed,",Larry,16.359237670898438
14,1,she,f,Match,"When she was depressed,",Tara,16.08309555053711
14,1,he,f,Mismatch,"When he was depressed,",Leslie,15.760887145996094
15,1,he,m,Match,"When he was around,",Samuel,15.140685081481934
15,1,she,m,Mismatch,"When she was around,",Timothy,16.543529510498047
15,1,she,f,Match,"When she was around,",Sheila,13.793392181396484
15,1,he,f,Mismatch,"When he was around,",Kristen,17.335723876953125
16,1,he,m,Match,"When he was near,",Timothy,18.079273223876953
16,1,she,m,Mismatch,"When she was near,",Timothy,17.83697509765625
16,1,she,f,Match,"When she was near,",Danielle,19.323345184326172
16,1,he,f,Mismatch,"When he was near,",Cheryl,20.13201332092285
17,1,he,m,Match,"When he was in court,",Travis,17.776517868041992
17,1,she,m,Mismatch,"When she was in court,",Steven,17.210344314575195
17,1,she,f,Match,"When she was in court,",Wendy,17.328691482543945
17,1,he,f,Mismatch,"When he was in court,",Leslie,16.58460235595703
18,1,he,m,Match,"When he was poorly,",Mark,14.93748664855957
18,1,she,m,Mismatch,"When she was poorly,",Ronald,17.01199722290039
18,1,she,f,Match,"When she was poorly,",Cheryl,19.783267974853516
18,1,he,f,Mismatch,"When he was poorly,",Anne,14.058344841003418
19,1,he,m,Match,"When he arrived,",Brett,18.300905227661133
19,1,she,m,Mismatch,"When she arrived,",John,11.992159843444824
19,1,she,f,Match,"When she arrived,",Karen,14.770475387573242
19,1,he,f,Mismatch,"When he arrived,",Nicole,16.618701934814453
20,1,he,m,Match,"When he was appointed,",Phillip,18.320598602294922
20,1,she,m,Mismatch,"When she was appointed,",Keith,16.323143005371094
20,1,she,f,Match,"When she was appointed, the",sister,12.134366035461426
20,1,he,f,Mismatch,"When he was appointed,",Elizabeth,14.990001678466797
21,1,he,m,Match,"When he was fired,",Bradley,15.026080131530762
21,1,she,m,Mismatch,"When she was fired, the",guy,13.887873649597168
21,1,she,f,Match,"When she was fired,",Laura,14.960968971252441
21,1,he,f,Mismatch,"When he was fired,",Suzanne,18.49193000793457
22,1,he,m,Match,"When he was close,",Ronald,17.10318374633789
22,1,she,m,Mismatch,"When she was close, the",guy,10.357222557067871
22,1,she,f,Match,"When she was close,",Grace,12.5433931350708
22,1,he,f,Mismatch,"When he was close,",Wendy,17.492034912109375
23,1,he,m,Match,"When he was retired,",Bradley,17.286081314086914
23,1,she,m,Mismatch,"When she was retired,",Alexander,15.661911010742188
23,1,she,f,Match,"When she was retired, the",mother,7.807812690734863
23,1,he,f,Mismatch,"When he was retired,",Christina,19.075361251831055
24,1,he,m,Match,"When he was abroad,",Travis,20.201297760009766
24,1,she,m,Mismatch,"When she was abroad,",Walter,16.071714401245117
24,1,she,f,Match,"When she was abroad, the",mother,7.741387367248535
24,1,he,f,Mismatch,"When he was abroad,",Anne,16.1324462890625
25,1,he,m,Match,"When he was discovered,",Bruce,16.28742790222168
25,1,she,m,Mismatch,"When she was discovered,",Ronald,17.308116912841797
25,1,she,f,Match,"When she was discovered,",Alice,14.225483894348145
25,1,he,f,Mismatch,"When he was discovered,",Carol,19.288347244262695
26,1,he,m,Match,"When he was busy,",Dennis,17.113439559936523
26,1,she,m,Mismatch,"When she was busy,",Mitchell,18.6102294921875
26,1,she,f,Match,"When she was busy,",Nicole,15.96998405456543
26,1,he,f,Mismatch,"When he was busy,",Pamela,18.16164779663086
27,1,he,m,Match,"When he was twenty-one,",Liam,17.15270233154297
27,1,she,m,Mismatch,"When she was twenty-one,",Mark,13.059419631958008
27,1,she,f,Match,"When she was twenty-one,",Grace,12.721288681030273
27,1,he,f,Mismatch,"When he was twenty-one, the",girl,8.485170364379883
28,1,he,m,Match,"When he was annoyed,",Eric,15.029810905456543
28,1,she,m,Mismatch,"When she was annoyed, the",guy,13.84583568572998
28,1,she,f,Match,"When she was annoyed,",Wendy,17.420942306518555
28,1,he,f,Mismatch,"When he was annoyed,",Sally,15.187605857849121
29,1,he,m,Match,"When he was in church,",Steven,19.942258834838867
29,1,she,m,Mismatch,"When she was in church,",Benjamin,17.272926330566406
29,1,she,f,Match,"When she was in church,",Claire,18.49583625793457
29,1,he,f,Mismatch,"When he was in church, the",girlfriend,19.19368553161621
30,1,he,m,Match,"When he was banished,",Jason,16.059486389160156
30,1,she,m,Mismatch,"When she was banished,",Bradley,20.718904495239258
30,1,she,f,Match,"When she was banished,",Suzanne,17.264326095581055
30,1,he,f,Mismatch,"When he was banished,",Mary,13.963069915771484
31,1,he,m,Match,"When he was angry,",Timothy,17.165790557861328
31,1,she,m,Mismatch,"When she was angry,",Jeffrey,17.00224494934082
31,1,she,f,Match,"When she was angry,",Karen,16.94025421142578
31,1,he,f,Mismatch,"When he was angry,",Claire,18.73528480529785
32,1,he,m,Match,"When he was distraught,",Guy,16.32567024230957
32,1,she,m,Mismatch,"When she was distraught,",Rodney,17.78969955444336
32,1,she,f,Match,"When she was distraught,",Marie,13.780021667480469
32,1,he,f,Mismatch,"When he was distraught,",Danielle,18.145946502685547
1,1,he,m,Match,"When he was off work,",Bruce,16.092254638671875
1,1,she,m,Mismatch,"When she was off work,",Mark,14.590299606323242
1,1,she,f,Match,"When she was off work, the",woman,9.444321632385254
1,1,he,f,Mismatch,"When he was off work, the",granddaughter,18.840585708618164
2,1,he,m,Match,"When he arrived,",Kenneth,15.757772445678711
2,1,she,m,Mismatch,"When she arrived,",Samuel,15.379528045654297
2,1,she,f,Match,"When she arrived, the",waitress,13.075884819030762
2,1,he,f,Mismatch,"When he arrived, the",granddaughter,16.554481506347656
3,1,he,m,Match,"When he was fed up,",Jeffrey,16.829784393310547
3,1,she,m,Mismatch,"When she was fed up,",Martin,16.077680587768555
3,1,she,f,Match,"When she was fed up,",Leslie,16.026960372924805
3,1,he,f,Mismatch,"When he was fed up,",Carrie,17.367977142333984
4,1,he,m,Match,"When he was talking,",Benjamin,15.373499870300293
4,1,she,m,Mismatch,"When she was talking,",Frank,13.216878890991211
4,1,she,f,Match,"When she was talking,",Cynthia,14.963891983032227
4,1,he,f,Mismatch,"When he was talking, the",girlfriend,15.633147239685059
5,1,he,m,Match,"When he was nearby,",Ronald,16.866344451904297
5,1,she,m,Mismatch,"When she was nearby,",Alexander,14.886734008789062
5,1,she,f,Match,"When she was nearby,",Veronica,16.363243103027344
5,1,he,f,Mismatch,"When he was nearby,",Meredith,17.297462463378906
6,1,he,m,Match,"When he was lost,",John,11.143263816833496
6,1,she,m,Mismatch,"When she was lost,",Theodore,17.97446060180664
6,1,she,f,Match,"When she was lost,",Tiffany,20.547077178955078
6,1,he,f,Mismatch,"When he was lost,",Diana,16.423751831054688
7,1,he,m,Match,"When he was bad-tempered,",Dan,14.56059455871582
7,1,she,m,Mismatch,"When she was bad-tempered, the",grandson,16.21617317199707
7,1,she,f,Match,"When she was bad-tempered,",Tara,18.44359588623047
7,1,he,f,Mismatch,"When he was bad-tempered,",Rachel,16.555570602416992
8,1,he,m,Match,"When he was jealous,",Bruce,15.341438293457031
8,1,she,m,Mismatch,"When she was jealous,",Douglas,19.31925392150879
8,1,she,f,Match,"When she was jealous,",Leslie,15.65052604675293
8,1,he,f,Mismatch,"When he was jealous,",Nicole,19.669523239135742
9,1,he,m,Match,"When he was in residence,",William,12.833955764770508
9,1,she,m,Mismatch,"When she was in residence,",Douglas,16.326438903808594
9,1,she,f,Match,"When she was in residence,",Tiffany,19.052623748779297
9,1,he,f,Mismatch,"When he was in residence,",Sharon,18.548381805419922
10,1,he,m,Match,"When he was introduced,",Steven,17.454500198364258
10,1,she,m,Mismatch,"When she was introduced,",Alexander,15.498257637023926
10,1,she,f,Match,"When she was introduced, the",granddaughter,14.953024864196777
10,1,he,f,Mismatch,"When he was introduced,",Sharon,17.964515686035156
11,1,he,m,Match,"When he arrived,",Thomas,12.603231430053711
11,1,she,m,Mismatch,"When she arrived,",Dennis,15.923032760620117
11,1,she,f,Match,"When she arrived,",Julie,14.035131454467773
11,1,he,f,Mismatch,"When he arrived,",Connie,16.953857421875
12,1,he,m,Match,"When he felt sad,",Brett,19.20346450805664
12,1,she,m,Mismatch,"When she felt sad,",Kevin,17.775781631469727
12,1,she,f,Match,"When she felt sad,",Nicole,17.40947151184082
12,1,he,f,Mismatch,"When he felt sad,",Amanda,17.40854835510254
13,1,he,m,Match,"When he was present,",Eric,15.403021812438965
13,1,she,m,Mismatch,"When she was present,",Theodore,16.49130630493164
13,1,she,f,Match,"When she was present,",Nicole,16.299697875976562
13,1,he,f,Mismatch,"When he was present,",Naomi,18.374353408813477
14,1,he,m,Match,"When he was depressed, the",son,10.510672569274902
14,1,she,m,Mismatch,"When she was depressed,",Keith,17.346378326416016
14,1,she,f,Match,"When she was depressed,",Ellen,14.449716567993164
14,1,he,f,Mismatch,"When he was depressed,",Wendy,15.579353332519531
15,1,he,m,Match,"When he was around,",Kevin,13.085979461669922
15,1,she,m,Mismatch,"When she was around,",Keith,14.969836235046387
15,1,she,f,Match,"When she was around,",Sally,12.112624168395996
15,1,he,f,Mismatch,"When he was around,",Naomi,17.62821388244629
16,1,he,m,Match,"When he was near,",Benjamin,16.657869338989258
16,1,she,m,Mismatch,"When she was near,",Donald,16.745162963867188
16,1,she,f,Match,"When she was near,",Mary,11.535118103027344
16,1,he,f,Mismatch,"When he was near,",Susan,15.660381317138672
17,1,he,m,Match,"When he was in court,",William,13.327268600463867
17,1,she,m,Mismatch,"When she was in court,",Eric,15.764832496643066
17,1,she,f,Match,"When she was in court,",Anna,14.705352783203125
17,1,he,f,Mismatch,"When he was in court,",Nicole,17.579273223876953
18,1,he,m,Match,"When he was poorly,",Mitchell,17.92431640625
18,1,she,m,Mismatch,"When she was poorly,",Jeffrey,16.902103424072266
18,1,she,f,Match,"When she was poorly,",Julie,15.008566856384277
18,1,he,f,Mismatch,"When he was poorly,",Julia,14.689523696899414
19,1,he,m,Match,"When he arrived,",Travis,16.39046287536621
19,1,she,m,Mismatch,"When she arrived,",Ronald,15.96520709991455
19,1,she,f,Match,"When she arrived, the",sister,11.268220901489258
19,1,he,f,Mismatch,"When he arrived,",Vanessa,19.995790481567383
20,1,he,m,Match,"When he was appointed,",Eric,15.666265487670898
20,1,she,m,Mismatch,"When she was appointed,",Benjamin,15.066420555114746
20,1,she,f,Match,"When she was appointed,",Sharon,15.844122886657715
20,1,he,f,Mismatch,"When he was appointed,",Grace,16.587675094604492
21,1,he,m,Match,"When he was fired, the",nephew,16.963661193847656
21,1,she,m,Mismatch,"When she was fired,",Edward,17.358884811401367
21,1,she,f,Match,"When she was fired, the",lady,14.56413745880127
21,1,he,f,Mismatch,"When he was fired,",Danielle,18.6976261138916
22,1,he,m,Match,"When he was close,",Frank,12.158007621765137
22,1,she,m,Mismatch,"When she was close,",Ronald,17.959135055541992
22,1,she,f,Match,"When she was close,",Tiffany,15.862719535827637
22,1,he,f,Mismatch,"When he was close, the",waitress,13.835470199584961
23,1,he,m,Match,"When he was retired,",Samuel,14.56130313873291
23,1,she,m,Mismatch,"When she was retired,",Steven,18.992507934570312
23,1,she,f,Match,"When she was retired, the",sister,10.338164329528809
23,1,he,f,Mismatch,"When he was retired,",Victoria,17.782007217407227
24,1,he,m,Match,"When he was abroad,",Derek,20.08154296875
24,1,she,m,Mismatch,"When she was abroad,",Carlos,19.298053741455078
24,1,she,f,Match,"When she was abroad,",Elizabeth,12.352265357971191
24,1,he,f,Mismatch,"When he was abroad,",Meredith,19.436275482177734
25,1,he,m,Match,"When he was discovered,",Jason,16.844266891479492
25,1,she,m,Mismatch,"When she was discovered,",Eric,17.20766830444336
25,1,she,f,Match,"When she was discovered, the",waitress,15.02694034576416
25,1,he,f,Mismatch,"When he was discovered,",Beth,17.117589950561523
26,1,he,m,Match,"When he was busy,",Carlos,17.058748245239258
26,1,she,m,Mismatch,"When she was busy,",Todd,16.959125518798828
26,1,she,f,Match,"When she was busy,",Grace,13.667978286743164
26,1,he,f,Mismatch,"When he was busy,",Susan,15.40190315246582
27,1,he,m,Match,"When he was twenty-one,",Walter,14.261677742004395
27,1,she,m,Mismatch,"When she was twenty-one,",Phillip,16.085697174072266
27,1,she,f,Match,"When she was twenty-one,",Ellen,12.698745727539062
27,1,he,f,Mismatch,"When he was twenty-one, the",girlfriend,14.701156616210938
28,1,he,m,Match,"When he was annoyed,",Travis,18.678815841674805
28,1,she,m,Mismatch,"When she was annoyed,",Bradley,19.544126510620117
28,1,she,f,Match,"When she was annoyed,",Beth,15.22590446472168
28,1,he,f,Mismatch,"When he was annoyed,",Maria,15.441205024719238
29,1,he,m,Match,"When he was in church,",Roger,16.489089965820312
29,1,she,m,Mismatch,"When she was in church,",Martin,16.3966007232666
29,1,she,f,Match,"When she was in church,",Alice,14.37344741821289
29,1,he,f,Mismatch,"When he was in church,",Naomi,19.2138671875
30,1,he,m,Match,"When he was banished,",Rodney,18.795536041259766
30,1,she,m,Mismatch,"When she was banished,",Steven,21.065488815307617
30,1,she,f,Match,"When she was banished,",Anne,12.910880088806152
30,1,he,f,Mismatch,"When he was banished, the",lady,10.783670425415039
31,1,he,m,Match,"When he was angry,",Bruce,15.95697021484375
31,1,she,m,Mismatch,"When she was angry,",Carlos,18.061723709106445
31,1,she,f,Match,"When she was angry,",Sarah,13.936517715454102
31,1,he,f,Mismatch,"When he was angry,",Laura,17.47292709350586
32,1,he,m,Match,"When he was distraught,",Charles,12.811919212341309
32,1,she,m,Mismatch,"When she was distraught,",Christopher,15.898980140686035
32,1,she,f,Match,"When she was distraught,",Alice,13.154478073120117
32,1,he,f,Mismatch,"When he was distraught, the",sister,12.53638744354248
1,1,he,m,Match,"When he was off work,",Charles,14.908793449401855
1,1,she,m,Mismatch,"When she was off work, the",grandson,16.931119918823242
1,1,she,f,Match,"When she was off work,",Danielle,16.28095817565918
1,1,he,f,Mismatch,"When he was off work,",Laurie,17.5264949798584
2,1,he,m,Match,"When he arrived, the",boy,7.258678913116455
2,1,she,m,Mismatch,"When she arrived,",Chad,15.43024730682373
2,1,she,f,Match,"When she arrived,",Veronica,16.436189651489258
2,1,he,f,Mismatch,"When he arrived,",Ellen,16.298782348632812
3,1,he,m,Match,"When he was fed up,",Eric,14.49063777923584
3,1,she,m,Mismatch,"When she was fed up,",Edward,16.488069534301758
3,1,she,f,Match,"When she was fed up,",Florence,16.279556274414062
3,1,he,f,Mismatch,"When he was fed up,",Anna,15.724818229675293
4,1,he,m,Match,"When he was talking,",Christopher,15.002102851867676
4,1,she,m,Mismatch,"When she was talking,",Travis,16.907363891601562
4,1,she,f,Match,"When she was talking,",Suzanne,16.250823974609375
4,1,he,f,Mismatch,"When he was talking,",Stephanie,16.537784576416016
5,1,he,m,Match,"When he was nearby,",Phillip,16.804353713989258
5,1,she,m,Mismatch,"When she was nearby,",Omar,16.388601303100586
5,1,she,f,Match,"When she was nearby,",Patricia,15.264314651489258
5,1,he,f,Mismatch,"When he was nearby, the",granddaughter,16.512649536132812
6,1,he,m,Match,"When he was lost,",Brett,20.5278263092041
6,1,she,m,Mismatch,"When she was lost,",Paul,12.536175727844238
6,1,she,f,Match,"When she was lost,",Cindy,17.56588363647461
6,1,he,f,Mismatch,"When he was lost, the",waitress,16.55229949951172
7,1,he,m,Match,"When he was bad-tempered,",Phillip,20.745586395263672
7,1,she,m,Mismatch,"When she was bad-tempered, the",man,7.250049114227295
7,1,she,f,Match,"When she was bad-tempered, the",granddaughter,15.816049575805664
7,1,he,f,Mismatch,"When he was bad-tempered,",Wendy,22.410179138183594
8,1,he,m,Match,"When he was jealous,",Edward,14.479202270507812
8,1,she,m,Mismatch,"When she was jealous,",Jerry,17.5806941986084
8,1,she,f,Match,"When she was jealous,",Veronica,16.3944149017334
8,1,he,f,Mismatch,"When he was jealous, the",sister,11.572236061096191
9,1,he,m,Match,"When he was in residence,",George,13.290433883666992
9,1,she,m,Mismatch,"When she was in residence,",Patrick,16.994247436523438
9,1,she,f,Match,"When she was in residence,",Jill,17.059057235717773
9,1,he,f,Mismatch,"When he was in residence,",Meredith,19.313404083251953
10,1,he,m,Match,"When he was introduced,",William,13.65615463256836
10,1,she,m,Mismatch,"When she was introduced,",Douglas,15.509529113769531
10,1,she,f,Match,"When she was introduced,",Tara,17.290355682373047
10,1,he,f,Mismatch,"When he was introduced,",Jill,18.513978958129883
11,1,he,m,Match,"When he arrived,",Keith,15.578789710998535
11,1,she,m,Mismatch,"When she arrived,",Omar,16.097734451293945
11,1,she,f,Match,"When she arrived, the",grandmother,11.088340759277344
11,1,he,f,Mismatch,"When he arrived,",Anne,15.759126663208008
12,1,he,m,Match,"When he felt sad,",Andrew,16.847814559936523
12,1,she,m,Mismatch,"When she felt sad,",Adam,15.983683586120605
12,1,she,f,Match,"When she felt sad, the",lady,8.428650856018066
12,1,he,f,Mismatch,"When he felt sad,",Stephanie,17.614246368408203
13,1,he,m,Match,"When he was present,",Carlos,17.222253799438477
13,1,she,m,Mismatch,"When she was present,",Omar,17.318363189697266
13,1,she,f,Match,"When she was present,",Tiffany,18.90899085998535
13,1,he,f,Mismatch,"When he was present,",Mary,11.969941139221191
14,1,he,m,Match,"When he was depressed,",Aaron,14.802847862243652
14,1,she,m,Mismatch,"When she was depressed, the",father,7.031400680541992
14,1,she,f,Match,"When she was depressed,",Laurie,15.497001647949219
14,1,he,f,Mismatch,"When he was depressed,",Susan,14.20548152923584
15,1,he,m,Match,"When he was around,",Gary,13.974130630493164
15,1,she,m,Mismatch,"When she was around,",Douglas,16.47026824951172
15,1,she,f,Match,"When she was around,",Maria,12.914250373840332
15,1,he,f,Mismatch,"When he was around,",Elizabeth,15.208311080932617
16,1,he,m,Match,"When he was near,",Jason,15.72362232208252
16,1,she,m,Mismatch,"When she was near,",Bradley,18.048307418823242
16,1,she,f,Match,"When she was near,",Diana,13.596240997314453
16,1,he,f,Mismatch,"When he was near, the",actress,15.225580215454102
17,1,he,m,Match,"When he was in court,",Paul,12.84874153137207
17,1,she,m,Mismatch,"When she was in court,",William,13.959985733032227
17,1,she,f,Match,"When she was in court, the",lady,9.330658912658691
17,1,he,f,Mismatch,"When he was in court, the",lady,9.433542251586914
18,1,he,m,Match,"When he was poorly,",Adam,16.093992233276367
18,1,she,m,Mismatch,"When she was poorly,",Andrew,15.628125190734863
18,1,she,f,Match,"When she was poorly,",Wendy,18.369810104370117
18,1,he,f,Mismatch,"When he was poorly,",Natalie,18.04952049255371
19,1,he,m,Match,"When he arrived,",Adam,14.872994422912598
19,1,she,m,Mismatch,"When she arrived,",Andrew,14.607460021972656
19,1,she,f,Match,"When she arrived,",Pamela,15.182284355163574
19,1,he,f,Mismatch,"When he arrived,",Natalie,18.293760299682617
20,1,he,m,Match,"When he was appointed,",Mitchell,16.652183532714844
20,1,she,m,Mismatch,"When she was appointed,",Brett,17.04326057434082
20,1,she,f,Match,"When she was appointed,",Carol,16.724853515625
20,1,he,f,Mismatch,"When he was appointed,",Wendy,21.40751075744629
21,1,he,m,Match,"When he was fired,",John,12.356084823608398
21,1,she,m,Mismatch,"When she was fired,",Mark,14.569573402404785
21,1,she,f,Match,"When she was fired,",Erin,17.43242073059082
21,1,he,f,Mismatch,"When he was fired,",Meredith,17.382976531982422
22,1,he,m,Match,"When he was close,",Mitchell,16.46353530883789
22,1,she,m,Mismatch,"When she was close,",Theodore,16.380062103271484
22,1,she,f,Match,"When she was close, the",lady,8.870752334594727
22,1,he,f,Mismatch,"When he was close,",Veronica,16.880565643310547
23,1,he,m,Match,"When he was retired,",Ronald,16.882043838500977
23,1,she,m,Mismatch,"When she was retired,",Douglas,16.567672729492188
23,1,she,f,Match,"When she was retired,",Vanessa,19.02758026123047
23,1,he,f,Mismatch,"When he was retired,",Jessica,20.02948570251465
24,1,he,m,Match,"When he was abroad,",Theodore,15.764883995056152
24,1,she,m,Mismatch,"When she was abroad,",Omar,18.389774322509766
24,1,she,f,Match,"When she was abroad,",Maria,13.520678520202637
24,1,he,f,Mismatch,"When he was abroad,",Jill,20.47759437561035
25,1,he,m,Match,"When he was discovered,",Samuel,16.182092666625977
25,1,she,m,Mismatch,"When she was discovered,",Omar,19.233640670776367
25,1,she,f,Match,"When she was discovered,",Ellen,14.784392356872559
25,1,he,f,Mismatch,"When he was discovered,",Patricia,21.323102951049805
26,1,he,m,Match,"When he was busy,",Curtis,19.163618087768555
26,1,she,m,Mismatch,"When she was busy,",Paul,13.143874168395996
26,1,she,f,Match,"When she was busy,",Wendy,17.094379425048828
26,1,he,f,Mismatch,"When he was busy,",Cindy,18.37746238708496
27,1,he,m,Match,"When he was twenty-one,",Andrew,13.343086242675781
27,1,she,m,Mismatch,"When she was twenty-one,",Carlos,16.243492126464844
27,1,she,f,Match,"When she was twenty-one,",Susan,11.994305610656738
27,1,he,f,Mismatch,"When he was twenty-one,",Elizabeth,15.180268287658691
28,1,he,m,Match,"When he was annoyed, the",grandson,14.928564071655273
28,1,she,m,Mismatch,"When she was annoyed,",Douglas,19.058063507080078
28,1,she,f,Match,"When she was annoyed,",Denise,16.88556671142578
28,1,he,f,Mismatch,"When he was annoyed, the",sister,14.088871002197266
29,1,he,m,Match,"When he was in church,",Mitchell,21.76323890686035
29,1,she,m,Mismatch,"When she was in church,",Steven,20.000520706176758
29,1,she,f,Match,"When she was in church, the",lady,7.517216205596924
29,1,he,f,Mismatch,"When he was in church, the",waitress,16.546396255493164
30,1,he,m,Match,"When he was banished, the",boy,9.23390007019043
30,1,she,m,Mismatch,"When she was banished,",Ronald,18.861997604370117
30,1,she,f,Match,"When she was banished,",Connie,19.948246002197266
30,1,he,f,Mismatch,"When he was banished,",Victoria,18.818077087402344
31,1,he,m,Match,"When he was angry,",Dan,14.46919059753418
31,1,she,m,Mismatch,"When she was angry,",Omar,17.123409271240234
31,1,she,f,Match,"When she was angry,",Tara,16.22454261779785
31,1,he,f,Mismatch,"When he was angry, the",girl,8.607112884521484
32,1,he,m,Match,"When he was distraught,",Bradley,16.221412658691406
32,1,she,m,Mismatch,"When she was distraught,",Douglas,17.941858291625977
32,1,she,f,Match,"When she was distraught,",Meredith,16.482257843017578
32,1,he,f,Mismatch,"When he was distraught,",Julie,16.080524444580078
1,1,he,m,Match,"When he was off work, the",guy,12.024415969848633
1,1,she,m,Mismatch,"When she was off work,",Kenneth,16.568368911743164
1,1,she,f,Match,"When she was off work,",Leslie,15.86392879486084
1,1,he,f,Mismatch,"When he was off work,",Jane,14.790447235107422
2,1,he,m,Match,"When he arrived, the",husband,10.978127479553223
2,1,she,m,Mismatch,"When she arrived,",Martin,13.784673690795898
2,1,she,f,Match,"When she arrived,",Erin,15.886725425720215
2,1,he,f,Mismatch,"When he arrived,",Paula,17.566776275634766
3,1,he,m,Match,"When he was fed up, the",grandson,14.924880981445312
3,1,she,m,Mismatch,"When she was fed up,",Phillip,18.447420120239258
3,1,she,f,Match,"When she was fed up,",Stacy,18.774280548095703
3,1,he,f,Mismatch,"When he was fed up,",Diana,15.618145942687988
4,1,he,m,Match,"When he was talking,",Ronald,16.723209381103516
4,1,she,m,Mismatch,"When she was talking,",Aaron,15.88248348236084
4,1,she,f,Match,"When she was talking,",Alice,12.62514877319336
4,1,he,f,Mismatch,"When he was talking,",Mary,11.8738374710083
5,1,he,m,Match,"When he was nearby,",Travis,16.152175903320312
5,1,she,m,Mismatch,"When she was nearby,",George,12.88481616973877
5,1,she,f,Match,"When she was nearby, the",grandmother,11.195843696594238
5,1,he,f,Mismatch,"When he was nearby,",Emily,14.537596702575684
6,1,he,m,Match,"When he was lost,",Theodore,17.564111709594727
6,1,she,m,Mismatch,"When she was lost,",Gary,18.315107345581055
6,1,she,f,Match,"When she was lost,",Jane,12.969808578491211
6,1,he,f,Mismatch,"When he was lost,",Ellen,18.206562042236328
7,1,he,m,Match,"When he was bad-tempered,",Mitchell,20.46196937561035
7,1,she,m,Mismatch,"When she was bad-tempered,",Peter,13.875628471374512
7,1,she,f,Match,"When she was bad-tempered,",Ruth,13.458600044250488
7,1,he,f,Mismatch,"When he was bad-tempered,",Susan,14.271343231201172
8,1,he,m,Match,"When he was jealous,",Adam,14.888884544372559
8,1,she,m,Mismatch,"When she was jealous,",Gerald,16.134918212890625
8,1,she,f,Match,"When she was jealous, the",actress,11.485116958618164
8,1,he,f,Mismatch,"When he was jealous,",Danielle,20.927352905273438
9,1,he,m,Match,"When he was in residence,",Raymond,17.05744171142578
9,1,she,m,Mismatch,"When she was in residence,",Curtis,18.142345428466797
9,1,she,f,Match,"When she was in residence,",Tara,16.910982131958008
9,1,he,f,Mismatch,"When he was in residence,",Jane,15.380871772766113
10,1,he,m,Match,"When he was introduced,",Paul,11.9733247756958
10,1,she,m,Mismatch,"When she was introduced,",Travis,18.402956008911133
10,1,she,f,Match,"When she was introduced,",Caroline,14.424272537231445
10,1,he,f,Mismatch,"When he was introduced,",Rachel,16.01399803161621
11,1,he,m,Match,"When he arrived,",Jason,15.397098541259766
11,1,she,m,Mismatch,"When she arrived,",Curtis,14.748348236083984
11,1,she,f,Match,"When she arrived,",Samantha,16.470003128051758
11,1,he,f,Mismatch,"When he arrived,",Grace,14.78282642364502
12,1,he,m,Match,"When he felt sad,",Kenneth,17.015047073364258
12,1,she,m,Mismatch,"When she felt sad, the",boy,7.972546100616455
12,1,she,f,Match,"When she felt sad,",Sandra,18.15768814086914
12,1,he,f,Mismatch,"When he felt sad,",Mary,14.394526481628418
13,1,he,m,Match,"When he was present,",Aaron,16.148685455322266
13,1,she,m,Mismatch,"When she was present,",Jerry,14.861273765563965
13,1,she,f,Match,"When she was present,",Donna,14.996526718139648
13,1,he,f,Mismatch,"When he was present,",Erin,18.945316314697266
14,1,he,m,Match,"When he was depressed, the",grandson,15.845208168029785
14,1,she,m,Mismatch,"When she was depressed,",Christopher,14.98416805267334
14,1,she,f,Match,"When she was depressed,",Gina,15.823862075805664
14,1,he,f,Mismatch,"When he was depressed,",Sonia,17.245849609375
15,1,he,m,Match,"When he was around,",Bill,11.866443634033203
15,1,she,m,Mismatch,"When she was around,",Eric,14.030084609985352
15,1,she,f,Match,"When she was around,",Tara,14.773974418640137
15,1,he,f,Mismatch,"When he was around,",Nicole,16.383317947387695
16,1,he,m,Match,"When he was near,",Mark,13.593393325805664
16,1,she,m,Mismatch,"When she was near,",Keith,17.3100528717041
16,1,she,f,Match,"When she was near,",Sonia,18.149747848510742
16,1,he,f,Mismatch,"When he was near,",Kathleen,17.39737319946289
17,1,he,m,Match,"When he was in court,",Curtis,16.61890983581543
17,1,she,m,Mismatch,"When she was in court,",Gary,15.425222396850586
17,1,she,f,Match,"When she was in court, the",granddaughter,15.69880485534668
17,1,he,f,Mismatch,"When he was in court,",Erin,19.398632049560547
18,1,he,m,Match,"When he was poorly, the",brother,10.996786117553711
18,1,she,m,Mismatch,"When she was poorly,",Todd,17.172260284423828
18,1,she,f,Match,"When she was poorly,",Anna,13.165399551391602
18,1,he,f,Mismatch,"When he was poorly,",Meredith,18.390470504760742
19,1,he,m,Match,"When he arrived,",Bill,13.638813972473145
19,1,she,m,Mismatch,"When she arrived,",Bill,13.046419143676758
19,1,she,f,Match,"When she arrived,",Erin,15.886725425720215
19,1,he,f,Mismatch,"When he arrived,",Anne,15.752137184143066
20,1,he,m,Match,"When he was appointed,",Carlos,17.830007553100586
20,1,she,m,Mismatch,"When she was appointed,",Travis,19.238298416137695
20,1,she,f,Match,"When she was appointed, the",lady,10.138012886047363
20,1,he,f,Mismatch,"When he was appointed,",Rachel,17.339717864990234
21,1,he,m,Match,"When he was fired,",Phillip,17.56894874572754
21,1,she,m,Mismatch,"When she was fired,",Andrew,16.536373138427734
21,1,she,f,Match,"When she was fired,",Kathleen,16.372941970825195
21,1,he,f,Mismatch,"When he was fired,",Diana,16.709529876708984
22,1,he,m,Match,"When he was close,",Kevin,14.913765907287598
22,1,she,m,Mismatch,"When she was close,",Adam,14.331547737121582
22,1,she,f,Match,"When she was close,",Susan,13.948331832885742
22,1,he,f,Mismatch,"When he was close,",Monica,16.271926879882812
23,1,he,m,Match,"When he was retired,",Andrew,15.273100852966309
23,1,she,m,Mismatch,"When she was retired,",Dennis,17.804670333862305
23,1,she,f,Match,"When she was retired, the",lady,7.233322620391846
23,1,he,f,Mismatch,"When he was retired,",Martha,16.659440994262695
24,1,he,m,Match,"When he was abroad, the",boy,9.061929702758789
24,1,she,m,Mismatch,"When she was abroad,",Jerry,17.38665008544922
24,1,she,f,Match,"When she was abroad,",Wendy,19.995899200439453
24,1,he,f,Mismatch,"When he was abroad,",Erin,20.262035369873047
25,1,he,m,Match,"When he was discovered,",Steven,18.74062156677246
25,1,she,m,Mismatch,"When she was discovered,",George,15.07180404663086
25,1,she,f,Match,"When she was discovered,",Susan,14.361727714538574
25,1,he,f,Mismatch,"When he was discovered,",Valerie,21.048370361328125
26,1,he,m,Match,"When he was busy,",Alan,15.655502319335938
26,1,she,m,Mismatch,"When she was busy,",Daniel,15.51643180847168
26,1,she,f,Match,"When she was busy, the",granddaughter,14.804155349731445
26,1,he,f,Mismatch,"When he was busy,",Ruth,15.53152084350586
27,1,he,m,Match,"When he was twenty-one, the",boyfriend,15.315428733825684
27,1,she,m,Mismatch,"When she was twenty-one,",Eric,14.282329559326172
27,1,she,f,Match,"When she was twenty-one,",Barbara,13.104503631591797
27,1,he,f,Mismatch,"When he was twenty-one,",Alice,15.118277549743652
28,1,he,m,Match,"When he was annoyed,",Vincent,16.35979652404785
28,1,she,m,Mismatch,"When she was annoyed,",Ronald,18.61003875732422
28,1,she,f,Match,"When she was annoyed,",Barbara,14.403117179870605
28,1,he,f,Mismatch,"When he was annoyed, the",granddaughter,17.999927520751953
29,1,he,m,Match,"When he was in church, the",brother,11.020760536193848
29,1,she,m,Mismatch,"When she was in church,",Ronald,19.606035232543945
29,1,she,f,Match,"When she was in church,",Victoria,18.129526138305664
29,1,he,f,Mismatch,"When he was in church, the",granddaughter,18.268049240112305
30,1,he,m,Match,"When he was banished,",Bill,15.326868057250977
30,1,she,m,Mismatch,"When she was banished,",Jeffrey,19.04515266418457
30,1,she,f,Match,"When she was banished,",Susan,15.424325942993164
30,1,he,f,Mismatch,"When he was banished,",Ellen,18.654647827148438
31,1,he,m,Match,"When he was angry,",Todd,18.762813568115234
31,1,she,m,Mismatch,"When she was angry,",William,15.066468238830566
31,1,she,f,Match,"When she was angry,",Jessica,16.78530502319336
31,1,he,f,Mismatch,"When he was angry,",Connie,18.286611557006836
32,1,he,m,Match,"When he was distraught,",Travis,17.44499397277832
32,1,she,m,Mismatch,"When she was distraught,",Eric,15.631274223327637
32,1,she,f,Match,"When she was distraught,",Diana,14.228028297424316
32,1,he,f,Mismatch,"When he was distraught,",Laurie,16.351701736450195
1,1,he,m,Match,"When he was off work,",Mitchell,13.994173049926758
1,1,she,m,Mismatch,"When she was off work,",Jerry,14.471603393554688
1,1,she,f,Match,"When she was off work,",Alice,15.593073844909668
1,1,he,f,Mismatch,"When he was off work,",Paula,18.767465591430664
2,1,he,m,Match,"When he arrived, the",brother,11.201200485229492
2,1,she,m,Mismatch,"When she arrived,",Frank,14.328178405761719
2,1,she,f,Match,"When she arrived,",Barbara,13.595560073852539
2,1,he,f,Mismatch,"When he arrived, the",grandmother,13.421597480773926
3,1,he,m,Match,"When he was fed up,",Kenneth,16.97590446472168
3,1,she,m,Mismatch,"When she was fed up,",Kenneth,18.218177795410156
3,1,she,f,Match,"When she was fed up,",Andrea,15.141179084777832
3,1,he,f,Mismatch,"When he was fed up,",Laurie,15.97278118133545
4,1,he,m,Match,"When he was talking,",Jeffrey,16.63640594482422
4,1,she,m,Mismatch,"When she was talking,",Adam,15.106812477111816
4,1,she,f,Match,"When she was talking,",Anna,12.514470100402832
4,1,he,f,Mismatch,"When he was talking,",Anne,14.528718948364258
5,1,he,m,Match,"When he was nearby,",Theodore,17.01004981994629
5,1,she,m,Mismatch,"When she was nearby, the",brother,11.2505521774292
5,1,she,f,Match,"When she was nearby,",Katherine,16.12936782836914
5,1,he,f,Mismatch,"When he was nearby,",Rebecca,15.784322738647461
6,1,he,m,Match,"When he was lost,",Jerry,16.023630142211914
6,1,she,m,Mismatch,"When she was lost,",Bill,15.821688652038574
6,1,she,f,Match,"When she was lost,",Valerie,18.8282413482666
6,1,he,f,Mismatch,"When he was lost,",April,16.666080474853516
7,1,he,m,Match,"When he was bad-tempered, the",brother,12.057427406311035
7,1,she,m,Mismatch,"When she was bad-tempered,",Lawrence,17.24604606628418
7,1,she,f,Match,"When she was bad-tempered,",Barbara,15.544116020202637
7,1,he,f,Mismatch,"When he was bad-tempered,",Sonia,19.824176788330078
8,1,he,m,Match,"When he was jealous,",Todd,18.593137741088867
8,1,she,m,Mismatch,"When she was jealous,",Craig,17.315824508666992
8,1,she,f,Match,"When she was jealous,",Monica,16.247892379760742
8,1,he,f,Mismatch,"When he was jealous,",Wendy,20.440181732177734
9,1,he,m,Match,"When he was in residence,",Lawrence,14.744057655334473
9,1,she,m,Mismatch,"When she was in residence,",Alan,17.51398277282715
9,1,she,f,Match,"When she was in residence, the",grandmother,11.971617698669434
9,1,he,f,Mismatch,"When he was in residence,",Paula,19.582157135009766
10,1,he,m,Match,"When he was introduced,",Roger,15.929465293884277
10,1,she,m,Mismatch,"When she was introduced,",Kenneth,17.081424713134766
10,1,she,f,Match,"When she was introduced,",Jessica,14.553890228271484
10,1,he,f,Mismatch,"When he was introduced, the",waitress,14.522253036499023
11,1,he,m,Match,"When he arrived,",Frank,13.93749713897705
11,1,she,m,Mismatch,"When she arrived,",Alan,15.317537307739258
11,1,she,f,Match,"When she arrived,",Allison,15.55986499786377
11,1,he,f,Mismatch,"When he arrived,",Victoria,17.251188278198242
12,1,he,m,Match,"When he felt sad,",Paul,13.301234245300293
12,1,she,m,Mismatch,"When she felt sad, the",husband,11.4609375
12,1,she,f,Match,"When she felt sad,",Jane,12.164305686950684
12,1,he,f,Mismatch,"When he felt sad,",Grace,15.67379093170166
13,1,he,m,Match,"When he was present,",Gary,17.188440322875977
13,1,she,m,Mismatch,"When she was present,",Gary,16.780170440673828
13,1,she,f,Match,"When she was present,",Victoria,16.48430633544922
13,1,he,f,Mismatch,"When he was present,",Laurie,17.29269790649414
14,1,he,m,Match,"When he was depressed,",Gary,14.667594909667969
14,1,she,m,Mismatch,"When she was depressed,",Dan,15.395562171936035
14,1,she,f,Match,"When she was depressed,",Valerie,15.874582290649414
14,1,he,f,Mismatch,"When he was depressed, the",actress,14.365882873535156
15,1,he,m,Match,"When he was around,",Alan,13.652905464172363
15,1,she,m,Mismatch,"When she was around,",Mitchell,16.444908142089844
15,1,she,f,Match,"When she was around,",Melanie,15.540406227111816
15,1,he,f,Mismatch,"When he was around,",Natalie,16.980684280395508
16,1,he,m,Match,"When he was near,",Carlos,18.468124389648438
16,1,she,m,Mismatch,"When she was near,",Ronald,17.152257919311523
16,1,she,f,Match,"When she was near,",Laurie,15.563039779663086
16,1,he,f,Mismatch,"When he was near,",Heidi,18.52166175842285
17,1,he,m,Match,"When he was in court, the",husband,11.834277153015137
17,1,she,m,Mismatch,"When she was in court,",George,13.931808471679688
17,1,she,f,Match,"When she was in court,",Veronica,17.020076751708984
17,1,he,f,Mismatch,"When he was in court,",Gina,20.105892181396484
18,1,he,m,Match,"When he was poorly, the",boyfriend,16.38435173034668
18,1,she,m,Mismatch,"When she was poorly,",Gary,17.158170700073242
18,1,she,f,Match,"When she was poorly,",Samantha,18.369810104370117
18,1,he,f,Mismatch,"When he was poorly,",Florence,15.24302864074707
19,1,he,m,Match,"When he arrived,",George,12.985093116760254
19,1,she,m,Mismatch,"When she arrived,",Stephen,14.815975189208984
19,1,she,f,Match,"When she arrived,",Carolyn,15.666939735412598
19,1,he,f,Mismatch,"When he arrived,",Tiffany,19.29829216003418
20,1,he,m,Match,"When he was appointed,",William,13.214510917663574
20,1,she,m,Mismatch,"When she was appointed, the",grandson,15.398778915405273
20,1,she,f,Match,"When she was appointed,",Victoria,15.786538124084473
20,1,he,f,Mismatch,"When he was appointed,",Ellen,17.34817123413086
21,1,he,m,Match,"When he was fired,",Bill,13.111246109008789
21,1,she,m,Mismatch,"When she was fired,",Adam,16.164426803588867
21,1,she,f,Match,"When she was fired,",Martha,15.082406044006348
21,1,he,f,Mismatch,"When he was fired,",Susan,16.470020294189453
22,1,he,m,Match,"When he was close,",Paul,12.14108657836914
22,1,she,m,Mismatch,"When she was close,",Todd,15.751701354980469
22,1,she,f,Match,"When she was close,",Ruth,13.474947929382324
22,1,he,f,Mismatch,"When he was close,",Jessica,15.877440452575684
23,1,he,m,Match,"When he was retired,",Omar,17.85980796813965
23,1,she,m,Mismatch,"When she was retired,",Theodore,17.42145347595215
23,1,she,f,Match,"When she was retired,",Florence,14.14157772064209
23,1,he,f,Mismatch,"When he was retired,",Katherine,18.319103240966797
24,1,he,m,Match,"When he was abroad,",Kenneth,17.11741065979004
24,1,she,m,Mismatch,"When she was abroad,",Curtis,19.918411254882812
24,1,she,f,Match,"When she was abroad,",Diana,14.247661590576172
24,1,he,f,Mismatch,"When he was abroad,",Caroline,17.207578659057617
25,1,he,m,Match,"When he was discovered,",Paul,14.102582931518555
25,1,she,m,Mismatch,"When she was discovered, the",brother,11.961213111877441
25,1,she,f,Match,"When she was discovered,",Heidi,18.233335494995117
25,1,he,f,Mismatch,"When he was discovered,",Carolyn,21.902856826782227
26,1,he,m,Match,"When he was busy, the",brother,10.874261856079102
26,1,she,m,Mismatch,"When she was busy,",Roger,15.916553497314453
26,1,she,f,Match,"When she was busy,",Ruth,13.899035453796387
26,1,he,f,Mismatch,"When he was busy,",Patricia,19.253786087036133
27,1,he,m,Match,"When he was twenty-one,",Derek,16.992090225219727
27,1,she,m,Mismatch,"When she was twenty-one,",Gary,15.04312515258789
27,1,she,f,Match,"When she was twenty-one,",Caroline,13.093233108520508
27,1,he,f,Mismatch,"When he was twenty-one,",Julia,15.197175025939941
28,1,he,m,Match,"When he was annoyed,",Bill,13.463134765625
28,1,she,m,Mismatch,"When she was annoyed,",Omar,17.773162841796875
28,1,she,f,Match,"When she was annoyed,",Laurie,15.445690155029297
28,1,he,f,Mismatch,"When he was annoyed,",Laurie,16.912076950073242
29,1,he,m,Match,"When he was in church,",Derek,20.128231048583984
29,1,she,m,Mismatch,"When she was in church,",Douglas,18.631088256835938
29,1,she,f,Match,"When she was in church,",Sonia,20.09069061279297
29,1,he,f,Mismatch,"When he was in church,",Valerie,21.99993133544922
30,1,he,m,Match,"When he was banished,",Alan,18.44049644470215
30,1,she,m,Mismatch,"When she was banished,",Derek,20.103221893310547
30,1,she,f,Match,"When she was banished,",Erin,16.734586715698242
30,1,he,f,Mismatch,"When he was banished,",Sonia,21.548490524291992
31,1,he,m,Match,"When he was angry,",Daniel,15.816082000732422
31,1,she,m,Mismatch,"When she was angry,",Todd,19.045124053955078
31,1,she,f,Match,"When she was angry,",Erin,16.602121353149414
31,1,he,f,Mismatch,"When he was angry,",Julia,17.00799560546875
32,1,he,m,Match,"When he was distraught,",Paul,12.806282997131348
32,1,she,m,Mismatch,"When she was distraught, the",boy,7.698191165924072
32,1,she,f,Match,"When she was distraught,",Heidi,16.51325225830078
32,1,he,f,Mismatch,"When he was distraught,",Barbara,15.764935493469238
1,1,he,m,Match,"When he was off work,",Joel,17.47014045715332
1,1,she,m,Mismatch,"When she was off work,",Alan,16.29786491394043
1,1,she,f,Match,"When she was off work,",Rebecca,14.883346557617188
1,1,he,f,Mismatch,"When he was off work,",Stacy,17.44759750366211
2,1,he,m,Match,"When he arrived,",Raymond,15.301295280456543
2,1,she,m,Mismatch,"When she arrived,",Mitchell,15.09775161743164
2,1,she,f,Match,"When she arrived,",Samantha,16.470003128051758
2,1,he,f,Mismatch,"When he arrived,",Lisa,16.572105407714844
3,1,he,m,Match,"When he was fed up, the",boy,6.387057304382324
3,1,she,m,Mismatch,"When she was fed up,",Daniel,16.42144775390625
3,1,she,f,Match,"When she was fed up,",Lisa,14.031984329223633
3,1,he,f,Mismatch,"When he was fed up,",Jessica,18.078054428100586
4,1,he,m,Match,"When he was talking,",Carlos,15.7059965133667
4,1,she,m,Mismatch,"When she was talking,",Peter,13.318318367004395
4,1,she,f,Match,"When she was talking,",Diana,13.831151008605957
4,1,he,f,Mismatch,"When he was talking, the",lady,8.569013595581055
5,1,he,m,Match,"When he was nearby,",Stephen,14.729205131530762
5,1,she,m,Mismatch,"When she was nearby,",Peter,13.082059860229492
5,1,she,f,Match,"When she was nearby, the",daughter,10.389963150024414
5,1,he,f,Mismatch,"When he was nearby,",Katherine,16.817167282104492
6,1,he,m,Match,"When he was lost,",Walter,15.710022926330566
6,1,she,m,Mismatch,"When she was lost, the",boyfriend,16.008012771606445
6,1,she,f,Match,"When she was lost,",Jessica,17.337343215942383
6,1,he,f,Mismatch,"When he was lost,",Paula,18.65176773071289
7,1,he,m,Match,"When he was bad-tempered,",Daniel,16.657011032104492
7,1,she,m,Mismatch,"When she was bad-tempered,",James,15.961145401000977
7,1,she,f,Match,"When she was bad-tempered,",Sarah,13.633672714233398
7,1,he,f,Mismatch,"When he was bad-tempered, the",actress,14.356721878051758
8,1,he,m,Match,"When he was jealous,",Alan,14.839876174926758
8,1,she,m,Mismatch,"When she was jealous,",Matt,14.354353904724121
8,1,she,f,Match,"When she was jealous,",Amy,12.635518074035645
8,1,he,f,Mismatch,"When he was jealous,",Rachel,15.989523887634277
9,1,he,m,Match,"When he was in residence,",Craig,18.091903686523438
9,1,she,m,Mismatch,"When she was in residence,",Stephen,15.607908248901367
9,1,she,f,Match,"When she was in residence,",Heidi,18.71026611328125
9,1,he,f,Mismatch,"When he was in residence, the",grandmother,14.809393882751465
10,1,he,m,Match,"When he was introduced,",Martin,14.6480073928833
10,1,she,m,Mismatch,"When she was introduced,",Curtis,16.352039337158203
10,1,she,f,Match,"When she was introduced,",Heather,15.943464279174805
10,1,he,f,Mismatch,"When he was introduced,",Lisa,17.429140090942383
11,1,he,m,Match,"When he arrived,",Mitchell,15.809845924377441
11,1,she,m,Mismatch,"When she arrived,",Peter,13.539204597473145
11,1,she,f,Match,"When she arrived,",Eva,16.041378021240234
11,1,he,f,Mismatch,"When he arrived,",Valerie,18.819217681884766
12,1,he,m,Match,"When he felt sad,",Bill,15.151519775390625
12,1,she,m,Mismatch,"When she felt sad,",Derek,19.12267303466797
12,1,she,f,Match,"When she felt sad,",Jennifer,15.645551681518555
12,1,he,f,Mismatch,"When he felt sad,",Veronica,18.473663330078125
13,1,he,m,Match,"When he was present,",Bill,14.788749694824219
13,1,she,m,Mismatch,"When she was present,",Michael,13.484752655029297
13,1,she,f,Match,"When she was present,",Laurie,16.367324829101562
13,1,he,f,Mismatch,"When he was present,",Ruth,15.938397407531738
14,1,he,m,Match,"When he was depressed,",Stephen,14.688940048217773
14,1,she,m,Mismatch,"When she was depressed,",Curtis,17.971921920776367
14,1,she,f,Match,"When she was depressed, the",actress,14.405985832214355
14,1,he,f,Mismatch,"When he was depressed,",Cindy,15.528634071350098
15,1,he,m,Match,"When he was around,",Lawrence,14.98859977722168
15,1,she,m,Mismatch,"When she was around,",Adam,13.649884223937988
15,1,she,f,Match,"When she was around,",Donna,14.033100128173828
15,1,he,f,Mismatch,"When he was around,",Tara,16.921586990356445
16,1,he,m,Match,"When he was near,",Craig,18.779878616333008
16,1,she,m,Mismatch,"When she was near,",Frank,13.403008460998535
16,1,she,f,Match,"When she was near, the",actress,14.536914825439453
16,1,he,f,Mismatch,"When he was near,",Donna,15.925482749938965
17,1,he,m,Match,"When he was in court,",Gerald,16.409902572631836
17,1,she,m,Mismatch,"When she was in court,",Daniel,14.463025093078613
17,1,she,f,Match,"When she was in court,",Tara,16.51435661315918
17,1,he,f,Mismatch,"When he was in court,",Monica,19.038875579833984
18,1,he,m,Match,"When he was poorly,",Matt,14.672616958618164
18,1,she,m,Mismatch,"When she was poorly,",Peter,13.627861976623535
18,1,she,f,Match,"When she was poorly,",Stacy,19.815671920776367
18,1,he,f,Mismatch,"When he was poorly,",Sonia,16.92401123046875
19,1,he,m,Match,"When he arrived, the",brother,11.201652526855469
19,1,she,m,Mismatch,"When she arrived,",Martin,13.784257888793945
19,1,she,f,Match,"When she arrived,",Allison,15.565084457397461
19,1,he,f,Mismatch,"When he arrived,",Leslie,15.793096542358398
20,1,he,m,Match,"When he was appointed,",Gary,18.23888397216797
20,1,she,m,Mismatch,"When she was appointed,",Curtis,17.34880828857422
20,1,she,f,Match,"When she was appointed,",Katherine,15.376374244689941
20,1,he,f,Mismatch,"When he was appointed,",Paula,19.084213256835938
21,1,he,m,Match,"When he was fired, the",brother,13.627429008483887
21,1,she,m,Mismatch,"When she was fired,",Gary,15.462531089782715
21,1,she,f,Match,"When she was fired,",Samantha,17.6322078704834
21,1,he,f,Mismatch,"When he was fired,",Rebecca,17.745222091674805
22,1,he,m,Match,"When he was close, the",husband,13.040861129760742
22,1,she,m,Mismatch,"When she was close,",William,13.811387062072754
22,1,she,f,Match,"When she was close,",Barbara,13.445077896118164
22,1,he,f,Mismatch,"When he was close,",Sandra,17.221529006958008
23,1,he,m,Match,"When he was retired,",Curtis,17.55658531188965
23,1,she,m,Mismatch,"When she was retired,",Daniel,16.033855438232422
23,1,she,f,Match,"When she was retired,",Tara,18.240163803100586
23,1,he,f,Mismatch,"When he was retired,",Donna,16.869050979614258
24,1,he,m,Match,"When he was abroad,",Roger,16.109905242919922
24,1,she,m,Mismatch,"When she was abroad,",George,13.834409713745117
24,1,she,f,Match,"When she was abroad,",April,15.553245544433594
24,1,he,f,Mismatch,"When he was abroad,",Katherine,17.76675033569336
25,1,he,m,Match,"When he was discovered, the",man,6.024049758911133
25,1,she,m,Mismatch,"When she was discovered,",Peter,14.98628044128418
25,1,she,f,Match,"When she was discovered,",Heather,17.50254249572754
25,1,he,f,Mismatch,"When he was discovered,",Jessica,20.00687599182129
26,1,he,m,Match,"When he was busy,",Raymond,15.949702262878418
26,1,she,m,Mismatch,"When she was busy,",Stephen,15.800918579101562
26,1,she,f,Match,"When she was busy,",Allison,16.38983154296875
26,1,he,f,Mismatch,"When he was busy,",Barbara,16.19202995300293
27,1,he,m,Match,"When he was twenty-one,",Lawrence,13.720666885375977
27,1,she,m,Mismatch,"When she was twenty-one, the",husband,8.420702934265137
27,1,she,f,Match,"When she was twenty-one,",Jessica,14.225974082946777
27,1,he,f,Mismatch,"When he was twenty-one,",Pamela,17.826148986816406
28,1,he,m,Match,"When he was annoyed,",Michael,14.787483215332031
28,1,she,m,Mismatch,"When she was annoyed,",Peter,14.262228965759277
28,1,she,f,Match,"When she was annoyed,",Andrea,15.58094310760498
28,1,he,f,Mismatch,"When he was annoyed,",Nina,17.813762664794922
29,1,he,m,Match,"When he was in church,",Gerald,17.542932510375977
29,1,she,m,Mismatch,"When she was in church,",Frank,17.061594009399414
29,1,she,f,Match,"When she was in church,",Martha,14.68903636932373
29,1,he,f,Mismatch,"When he was in church, the",grandmother,14.255553245544434
30,1,he,m,Match,"When he was banished, the",boyfriend,20.04425048828125
30,1,she,m,Mismatch,"When she was banished,",Roger,16.87547492980957
30,1,she,f,Match,"When she was banished,",Elaine,18.585857391357422
30,1,he,f,Mismatch,"When he was banished,",Erin,18.68564224243164
31,1,he,m,Match,"When he was angry,",Roger,17.10943603515625
31,1,she,m,Mismatch,"When she was angry,",Walter,17.368553161621094
31,1,she,f,Match,"When she was angry,",Allison,17.03042221069336
31,1,he,f,Mismatch,"When he was angry,",Ellen,16.396541595458984
32,1,he,m,Match,"When he was distraught,",Curtis,17.475317001342773
32,1,she,m,Mismatch,"When she was distraught,",Raymond,16.208934783935547
32,1,she,f,Match,"When she was distraught,",Allison,15.898980140686035
32,1,he,f,Mismatch,"When he was distraught,",Heidi,18.044506072998047
1,1,he,m,Match,"When he was off work,",Gary,14.863709449768066
1,1,she,m,Mismatch,"When she was off work, the",boyfriend,11.450569152832031
1,1,she,f,Match,"When she was off work,",Jennifer,13.125061988830566
1,1,he,f,Mismatch,"When he was off work,",Andrea,16.126068115234375
2,1,he,m,Match,"When he arrived,",Martin,13.481019973754883
2,1,she,m,Mismatch,"When she arrived, the",man,6.634477138519287
2,1,she,f,Match,"When she arrived,",Katherine,15.075209617614746
2,1,he,f,Mismatch,"When he arrived,",Jennifer,17.366716384887695
3,1,he,m,Match,"When he was fed up,",Martin,14.857349395751953
3,1,she,m,Mismatch,"When she was fed up,",Lawrence,18.036026000976562
3,1,she,f,Match,"When she was fed up,",Theresa,15.553576469421387
3,1,he,f,Mismatch,"When he was fed up,",Martha,16.367671966552734
4,1,he,m,Match,"When he was talking,",Vincent,15.756715774536133
4,1,she,m,Mismatch,"When she was talking,",Michael,13.301411628723145
4,1,she,f,Match,"When she was talking,",Cindy,14.355255126953125
4,1,he,f,Mismatch,"When he was talking,",Valerie,18.323698043823242
5,1,he,m,Match,"When he was nearby,",Martin,14.627765655517578
5,1,she,m,Mismatch,"When she was nearby,",Martin,14.772717475891113
5,1,she,f,Match,"When she was nearby,",Martha,13.763958930969238
5,1,he,f,Mismatch,"When he was nearby,",Eva,16.935514450073242
6,1,he,m,Match,"When he was lost,",James,13.050054550170898
6,1,she,m,Mismatch,"When she was lost,",Peter,12.564050674438477
6,1,she,f,Match,"When she was lost,",Patricia,18.644784927368164
6,1,he,f,Mismatch,"When he was lost,",Sara,17.313331604003906
7,1,he,m,Match,"When he was bad-tempered,",Gerald,16.914405822753906
7,1,she,m,Mismatch,"When she was bad-tempered,",Carl,15.910054206848145
7,1,she,f,Match,"When she was bad-tempered,",Sara,15.222519874572754
7,1,he,f,Mismatch,"When he was bad-tempered,",Elaine,19.520837783813477
8,1,he,m,Match,"When he was jealous,",Roger,16.545730590820312
8,1,she,m,Mismatch,"When she was jealous,",Carl,16.067291259765625
8,1,she,f,Match,"When she was jealous, the",daughter,8.785698890686035
8,1,he,f,Mismatch,"When he was jealous,",Ruth,14.77617359161377
9,1,he,m,Match,"When he was in residence,",Vincent,16.14166831970215
9,1,she,m,Mismatch,"When she was in residence, the",grandfather,13.944051742553711
9,1,she,f,Match,"When she was in residence, the",niece,12.597160339355469
9,1,he,f,Mismatch,"When he was in residence,",Heidi,21.390457153320312
10,1,he,m,Match,"When he was introduced,",Michael,13.968301773071289
10,1,she,m,Mismatch,"When she was introduced, the",boyfriend,14.653977394104004
10,1,she,f,Match,"When she was introduced,",Sara,15.827519416809082
10,1,he,f,Mismatch,"When he was introduced,",Margaret,16.31549835205078
11,1,he,m,Match,"When he arrived,",Jerry,14.35452651977539
11,1,she,m,Mismatch,"When she arrived,",Michael,13.328195571899414
11,1,she,f,Match,"When she arrived, the",daughter,10.145410537719727
11,1,he,f,Mismatch,"When he arrived,",Carolyn,18.702335357666016
12,1,he,m,Match,"When he felt sad,",Gerald,16.84034538269043
12,1,she,m,Mismatch,"When she felt sad,",Peter,15.196219444274902
12,1,she,f,Match,"When she felt sad,",Diane,17.14047622680664
12,1,he,f,Mismatch,"When he felt sad,",Barbara,16.412046432495117
13,1,he,m,Match,"When he was present,",Michael,13.722590446472168
13,1,she,m,Mismatch,"When she was present,",James,12.392912864685059
13,1,she,f,Match,"When she was present,",Rebecca,16.19125747680664
13,1,he,f,Mismatch,"When he was present,",Monica,17.69000244140625
14,1,he,m,Match,"When he was depressed,",Gregory,15.991944313049316
14,1,she,m,Mismatch,"When she was depressed,",Derek,18.171058654785156
14,1,she,f,Match,"When she was depressed,",Heidi,15.00671100616455
14,1,he,f,Mismatch,"When he was depressed,",Heather,16.20609474182129
15,1,he,m,Match,"When he was around,",Matt,12.471707344055176
15,1,she,m,Mismatch,"When she was around,",Paul,11.75195026397705
15,1,she,f,Match,"When she was around, the",niece,14.642004013061523
15,1,he,f,Mismatch,"When he was around,",Ruth,14.849899291992188
16,1,he,m,Match,"When he was near, the",grandfather,14.606986999511719
16,1,she,m,Mismatch,"When she was near,",Theodore,16.223876953125
16,1,she,f,Match,"When she was near,",Margaret,13.25395393371582
16,1,he,f,Mismatch,"When he was near,",Theresa,17.012907028198242
17,1,he,m,Match,"When he was in court,",Walter,16.14503288269043
17,1,she,m,Mismatch,"When she was in court,",Patrick,15.39852237701416
17,1,she,f,Match,"When she was in court,",Gina,17.562564849853516
17,1,he,f,Mismatch,"When he was in court,",Lisa,17.421478271484375
18,1,he,m,Match,"When he was poorly,",Scott,15.134730339050293
18,1,she,m,Mismatch,"When she was poorly,",Craig,18.11374282836914
18,1,she,f,Match,"When she was poorly,",Lisa,15.972241401672363
18,1,he,f,Mismatch,"When he was poorly,",Patricia,17.541101455688477
19,1,he,m,Match,"When he arrived,",Lawrence,14.1644287109375
19,1,she,m,Mismatch,"When she arrived,",Matt,14.483063697814941
19,1,she,f,Match,"When she arrived,",Melissa,15.046616554260254
19,1,he,f,Mismatch,"When he arrived,",Emily,14.440569877624512
20,1,he,m,Match,"When he was appointed,",Peter,12.752697944641113
20,1,she,m,Mismatch,"When she was appointed, the",boyfriend,16.58643341064453
20,1,she,f,Match,"When she was appointed,",Nina,16.0131893157959
20,1,he,f,Mismatch,"When he was appointed,",Stacy,20.32402801513672
21,1,he,m,Match,"When he was fired, the",boyfriend,14.376954078674316
21,1,she,m,Mismatch,"When she was fired,",Raymond,15.265287399291992
21,1,she,f,Match,"When she was fired,",Theresa,16.16133689880371
21,1,he,f,Mismatch,"When he was fired,",Eva,18.79343032836914
22,1,he,m,Match,"When he was close,",Stephen,14.327686309814453
22,1,she,m,Mismatch,"When she was close, the",brother,12.509994506835938
22,1,she,f,Match,"When she was close,",Heidi,15.969794273376465
22,1,he,f,Mismatch,"When he was close,",Melissa,15.482969284057617
23,1,he,m,Match,"When he was retired, the",grandfather,13.586895942687988
23,1,she,m,Mismatch,"When she was retired, the",boyfriend,16.54851531982422
23,1,she,f,Match,"When she was retired,",Stacy,19.196794509887695
23,1,he,f,Mismatch,"When he was retired, the",daughter,10.842394828796387
24,1,he,m,Match,"When he was abroad,",Raymond,16.87070083618164
24,1,she,m,Mismatch,"When she was abroad,",Lawrence,16.398574829101562
24,1,she,f,Match,"When she was abroad,",Holly,18.700687408447266
24,1,he,f,Mismatch,"When he was abroad, the",niece,15.498525619506836
25,1,he,m,Match,"When he was discovered,",Patrick,17.22466468811035
25,1,she,m,Mismatch,"When she was discovered,",Gregory,16.646934509277344
25,1,she,f,Match,"When she was discovered,",Margaret,13.781268119812012
25,1,he,f,Mismatch,"When he was discovered,",Theresa,18.946317672729492
26,1,he,m,Match,"When he was busy,",Robert,14.658013343811035
26,1,she,m,Mismatch,"When she was busy,",Craig,17.6297550201416
26,1,she,f,Match,"When she was busy,",Diane,15.274104118347168
26,1,he,f,Mismatch,"When he was busy,",Stacy,18.938196182250977
27,1,he,m,Match,"When he was twenty-one,",James,11.556624412536621
27,1,she,m,Mismatch,"When she was twenty-one,",Stephen,13.820216178894043
27,1,she,f,Match,"When she was twenty-one,",Eva,14.609189987182617
27,1,he,f,Mismatch,"When he was twenty-one,",Wendy,18.006484985351562
28,1,he,m,Match,"When he was annoyed, the",grandfather,14.410096168518066
28,1,she,m,Mismatch,"When she was annoyed,",Walter,17.544923782348633
28,1,she,f,Match,"When she was annoyed,",Nina,15.20899772644043
28,1,he,f,Mismatch,"When he was annoyed,",Theresa,17.84757423400879
29,1,he,m,Match,"When he was in church,",Matt,14.516654968261719
29,1,she,m,Mismatch,"When she was in church,",Lawrence,17.21375274658203
29,1,she,f,Match,"When she was in church,",Amy,15.866862297058105
29,1,he,f,Mismatch,"When he was in church,",Carmen,20.246578216552734
30,1,he,m,Match,"When he was banished,",Matt,15.067633628845215
30,1,she,m,Mismatch,"When she was banished,",Patrick,17.630634307861328
30,1,she,f,Match,"When she was banished,",Paula,16.62751007080078
30,1,he,f,Mismatch,"When he was banished,",Rebecca,19.02095603942871
31,1,he,m,Match,"When he was angry,",Peter,12.958868980407715
31,1,she,m,Mismatch,"When she was angry,",Craig,18.93241310119629
31,1,she,f,Match,"When she was angry,",Eva,16.596487045288086
31,1,he,f,Mismatch,"When he was angry,",Amy,15.855530738830566
32,1,he,m,Match,"When he was distraught,",Alan,15.246466636657715
32,1,she,m,Mismatch,"When she was distraught,",Martin,15.707371711730957
32,1,she,f,Match,"When she was distraught,",Jennifer,14.732425689697266
32,1,he,f,Mismatch,"When he was distraught,",Jessica,17.356971740722656
1,1,he,m,Match,"When he was off work,",Rodney,17.670202255249023
1,1,she,m,Mismatch,"When she was off work,",James,13.525184631347656
1,1,she,f,Match,"When she was off work,",Diane,14.674832344055176
1,1,he,f,Mismatch,"When he was off work,",Gina,18.819849014282227
2,1,he,m,Match,"When he arrived,",Matt,14.664480209350586
2,1,she,m,Mismatch,"When she arrived,",Walter,15.621855735778809
2,1,she,f,Match,"When she arrived,",Theresa,14.770891189575195
2,1,he,f,Mismatch,"When he arrived,",Rose,14.709564208984375
3,1,he,m,Match,"When he was fed up,",Michael,14.09091854095459
3,1,she,m,Mismatch,"When she was fed up,",Robert,15.469043731689453
3,1,she,f,Match,"When she was fed up,",Heather,16.590513229370117
3,1,he,f,Mismatch,"When he was fed up,",Brenda,16.942495346069336
4,1,he,m,Match,"When he was talking, the",son,10.580896377563477
4,1,she,m,Mismatch,"When she was talking,",Carl,14.405975341796875
4,1,she,f,Match,"When she was talking,",Jennifer,15.08223819732666
4,1,he,f,Mismatch,"When he was talking, the",grandmother,14.159456253051758
5,1,he,m,Match,"When he was nearby,",Marcus,14.543232917785645
5,1,she,m,Mismatch,"When she was nearby,",Rodney,15.956178665161133
5,1,she,f,Match,"When she was nearby,",Brenda,15.482794761657715
5,1,he,f,Mismatch,"When he was nearby,",Sara,16.498760223388672
6,1,he,m,Match,"When he was lost,",Matt,14.357497215270996
6,1,she,m,Mismatch,"When she was lost,",Stephen,15.770666122436523
6,1,she,f,Match,"When she was lost,",Dawn,17.633207321166992
6,1,he,f,Mismatch,"When he was lost,",Nancy,17.113269805908203
7,1,he,m,Match,"When he was bad-tempered,",Lawrence,16.953853607177734
7,1,she,m,Mismatch,"When she was bad-tempered,",Robert,15.977680206298828
7,1,she,f,Match,"When she was bad-tempered,",Martha,15.092903137207031
7,1,he,f,Mismatch,"When he was bad-tempered,",Sandra,20.225276947021484
8,1,he,m,Match,"When he was jealous,",Rodney,19.112712860107422
8,1,she,m,Mismatch,"When she was jealous,",David,15.035990715026855
8,1,she,f,Match,"When she was jealous,",Nancy,14.528792381286621
8,1,he,f,Mismatch,"When he was jealous,",Brenda,19.450843811035156
9,1,he,m,Match,"When he was in residence,",Rodney,18.190181732177734
9,1,she,m,Mismatch,"When she was in residence,",David,14.431349754333496
9,1,she,f,Match,"When she was in residence,",Michelle,17.57597541809082
9,1,he,f,Mismatch,"When he was in residence,",Rose,15.978238105773926
10,1,he,m,Match,"When he was introduced,",Vincent,16.58318519592285
10,1,she,m,Mismatch,"When she was introduced,",Stephen,15.156891822814941
10,1,she,f,Match,"When she was introduced,",Patricia,15.895145416259766
10,1,he,f,Mismatch,"When he was introduced,",Brenda,18.533079147338867
11,1,he,m,Match,"When he arrived,",Noah,16.493209838867188
11,1,she,m,Mismatch,"When she arrived,",Carl,14.996312141418457
11,1,she,f,Match,"When she arrived,",Michelle,14.269329071044922
11,1,he,f,Mismatch,"When he arrived,",Martha,15.45345401763916
12,1,he,m,Match,"When he felt sad,",Marcus,15.527267456054688
12,1,she,m,Mismatch,"When she felt sad, the",son,12.047032356262207
12,1,she,f,Match,"When she felt sad,",Martha,14.5199556350708
12,1,he,f,Mismatch,"When he felt sad,",Brenda,17.603960037231445
13,1,he,m,Match,"When he was present,",James,12.325469017028809
13,1,she,m,Mismatch,"When she was present, the",son,9.687420845031738
13,1,she,f,Match,"When she was present,",Jessica,16.060565948486328
13,1,he,f,Mismatch,"When he was present,",Allison,17.75811767578125
14,1,he,m,Match,"When he was depressed,",Rodney,16.51912498474121
14,1,she,m,Mismatch,"When she was depressed,",Robert,15.055018424987793
14,1,she,f,Match,"When she was depressed,",Melissa,15.466411590576172
14,1,he,f,Mismatch,"When he was depressed,",Brenda,16.56984519958496
15,1,he,m,Match,"When he was around,",Marcus,14.021476745605469
15,1,she,m,Mismatch,"When she was around,",Alan,14.197769165039062
15,1,she,f,Match,"When she was around,",Dawn,15.426313400268555
15,1,he,f,Mismatch,"When he was around,",Allison,17.397157669067383
16,1,he,m,Match,"When he was near,",Carl,16.41554069519043
16,1,she,m,Mismatch,"When she was near,",Vincent,16.702896118164062
16,1,she,f,Match,"When she was near,",Brenda,17.655302047729492
16,1,he,f,Mismatch,"When he was near,",Amy,15.434959411621094
17,1,he,m,Match,"When he was in court,",Robert,13.721755027770996
17,1,she,m,Mismatch,"When she was in court,",Carl,15.894449234008789
17,1,she,f,Match,"When she was in court,",Sara,16.58198356628418
17,1,he,f,Mismatch,"When he was in court,",Sarah,15.361693382263184
18,1,he,m,Match,"When he was poorly,",Noah,17.501651763916016
18,1,she,m,Mismatch,"When she was poorly, the",grandfather,12.449249267578125
18,1,she,f,Match,"When she was poorly,",Heather,17.75588607788086
18,1,he,f,Mismatch,"When he was poorly,",Brenda,17.335403442382812
19,1,he,m,Match,"When he arrived, the",grandfather,14.616782188415527
19,1,she,m,Mismatch,"When she arrived,",Marcus,15.057887077331543
19,1,she,f,Match,"When she arrived,",Nina,15.435467720031738
19,1,he,f,Mismatch,"When he arrived,",Diane,17.272422790527344
20,1,he,m,Match,"When he was appointed,",Stephen,14.618057250976562
20,1,she,m,Mismatch,"When she was appointed,",Craig,15.415822982788086
20,1,she,f,Match,"When she was appointed,",Jennifer,15.274934768676758
20,1,he,f,Mismatch,"When he was appointed,",Carolyn,20.05634117126465
21,1,he,m,Match,"When he was fired,",Matt,13.758086204528809
21,1,she,m,Mismatch,"When she was fired,",Martin,12.813833236694336
21,1,she,f,Match,"When she was fired,",Patricia,14.960968971252441
21,1,he,f,Mismatch,"When he was fired,",Nancy,16.933706283569336
22,1,he,m,Match,"When he was close,",David,11.62263298034668
22,1,she,m,Mismatch,"When she was close,",Michael,12.385599136352539
22,1,she,f,Match,"When she was close,",Lisa,13.473255157470703
22,1,he,f,Mismatch,"When he was close,",Heather,15.945082664489746
23,1,he,m,Match,"When he was retired,",Rodney,17.096193313598633
23,1,she,m,Mismatch,"When she was retired,",Michael,15.27431869506836
23,1,she,f,Match,"When she was retired,",Amy,15.27431869506836
23,1,he,f,Mismatch,"When he was retired,",Heather,19.358858108520508
24,1,he,m,Match,"When he was abroad,",Noah,18.221975326538086
24,1,she,m,Mismatch,"When she was abroad,",Craig,20.024076461791992
24,1,she,f,Match,"When she was abroad,",Martha,14.258933067321777
24,1,he,f,Mismatch,"When he was abroad,",Sandra,21.621429443359375
25,1,he,m,Match,"When he was discovered,",Walter,16.244083404541016
25,1,she,m,Mismatch,"When she was discovered,",Noah,17.67259979248047
25,1,she,f,Match,"When she was discovered,",Patricia,17.509170532226562
25,1,he,f,Mismatch,"When he was discovered,",Martha,17.534618377685547
26,1,he,m,Match,"When he was busy,",Rodney,17.65611457824707
26,1,she,m,Mismatch,"When she was busy, the",son,10.893098831176758
26,1,she,f,Match,"When she was busy,",Nancy,13.865221977233887
26,1,he,f,Mismatch,"When he was busy,",Heather,18.478900909423828
27,1,he,m,Match,"When he was twenty-one,",Joel,15.890344619750977
27,1,she,m,Mismatch,"When she was twenty-one,",Martin,13.961104393005371
27,1,she,f,Match,"When she was twenty-one,",Sara,14.08508586883545
27,1,he,f,Mismatch,"When he was twenty-one,",Jill,16.80048179626465
28,1,he,m,Match,"When he was annoyed,",Carl,14.748034477233887
28,1,she,m,Mismatch,"When she was annoyed,",Noah,18.539594650268555
28,1,she,f,Match,"When she was annoyed, the",daughter,9.703723907470703
28,1,he,f,Mismatch,"When he was annoyed,",Diane,18.701356887817383
29,1,he,m,Match,"When he was in church,",Vincent,17.466854095458984
29,1,she,m,Mismatch,"When she was in church,",Joel,18.974855422973633
29,1,she,f,Match,"When she was in church,",Patricia,19.346799850463867
29,1,he,f,Mismatch,"When he was in church,",Michelle,20.691783905029297
30,1,he,m,Match,"When he was banished,",Noah,16.679393768310547
30,1,she,m,Mismatch,"When she was banished,",Lawrence,17.71234893798828
30,1,she,f,Match,"When she was banished,",Carmen,17.515106201171875
30,1,he,f,Mismatch,"When he was banished,",Caroline,19.28864288330078
31,1,he,m,Match,"When he was angry,",Raymond,15.055285453796387
31,1,she,m,Mismatch,"When she was angry, the",son,11.011849403381348
31,1,she,f,Match,"When she was angry,",Heather,18.46748161315918
31,1,he,f,Mismatch,"When he was angry,",Michelle,18.96070671081543
32,1,he,m,Match,"When he was distraught,",Gerald,16.79060173034668
32,1,she,m,Mismatch,"When she was distraught, the",son,10.56667423248291
32,1,she,f,Match,"When she was distraught,",Rebecca,15.48758602142334
32,1,he,f,Mismatch,"When he was distraught,",Patricia,17.84162712097168
